"decimalYear","BIRKENHEAD","BIRMINGHAM","BLACKPOOL","BOLTON","BOURNEMOUTH","BRADFORD","BRIGHTON","BRISTOL","CARDIFF","COVENTRY","DERBY","GATESHEAD","HUDDERSFIELD","HULL","IPSWICH","LEEDS","LEICESTER","LIVERPOOL","LONDON","MANCHESTER","MIDDLESBOROUGH","NEWCASTLE","NORWICH","NOTTINGHAM","OLDHAM","PLYMOUTH","PORTSMOUTH","PRESTON","READING","SALFORD","SHEFFIELD","SOUTHAMPTON","SOUTHEND","ST.HELENS","STOCKPORT","STOKE","SUNDERLAND","SWANSEA","WALSALL","WOLVERHAMPTON"
1944,1,7,1,0,0,21,3,2,4,4,2,2,2,3,1,6,0,15,180,18,0,9,0,16,7,0,1,27,0,1,6,0,1,2,1,1,2,0,1,8
1944.038462,0,7,6,0,0,10,23,2,6,2,2,2,0,2,0,7,1,16,271,20,0,17,2,20,13,2,4,62,0,7,1,0,0,1,0,5,10,0,1,6
1944.076923,0,14,10,1,1,7,37,4,8,8,3,0,1,4,0,9,0,38,423,35,0,27,2,10,11,4,1,73,1,5,5,5,4,2,0,5,25,0,4,4
1944.115385,0,26,10,0,4,4,14,4,14,18,0,6,0,2,0,4,0,60,452,46,0,42,8,2,20,0,4,72,4,4,6,18,4,0,0,2,4,0,0,8
1944.153846,1,32,11,0,3,4,32,4,17,9,1,1,0,1,2,7,1,46,518,72,0,41,19,26,14,3,8,90,1,8,6,10,9,3,3,4,38,0,4,7
1944.192308,1,30,8,3,4,7,28,3,11,15,0,6,1,7,1,7,1,67,530,87,0,40,18,39,30,4,8,77,2,13,10,8,13,4,0,12,41,0,5,4
1944.230769,2,52,20,9,6,8,18,12,32,22,1,4,6,10,4,20,4,106,658,82,0,60,38,30,66,6,15,98,4,18,16,8,10,5,1,19,22,0,8,10
1944.269231,2,113,15,4,4,10,17,5,22,9,2,5,6,16,2,32,2,153,556,89,0,112,50,16,94,3,6,69,5,37,23,4,7,11,2,12,54,2,6,2
1944.307692,3,59,11,2,12,8,10,1,21,11,7,5,4,12,1,25,8,108,420,68,0,106,55,5,81,1,17,26,3,40,19,0,4,7,0,11,48,15,2,5
1944.346154,2,76,28,6,14,4,26,2,14,18,0,0,12,4,0,22,8,100,420,30,0,124,18,2,130,2,16,22,0,24,14,2,0,20,2,16,48,8,2,4
1944.384615,6,75,23,5,66,4,7,1,21,6,0,6,8,18,1,18,16,136,430,48,0,103,30,3,182,9,35,25,0,36,21,6,0,14,1,21,49,22,8,3
1944.423077,9,120,30,2,140,17,33,4,19,7,1,3,3,13,2,29,11,156,513,53,0,106,9,4,285,6,71,28,2,68,23,2,3,6,0,34,38,14,7,0
1944.461538,3,85,51,1,137,12,37,4,3,12,0,7,5,1,3,24,18,174,338,66,1,178,1,3,129,0,84,21,0,42,24,10,1,8,4,31,48,27,2,4
1944.5,3,61,94,6,71,8,27,3,9,16,0,4,4,8,6,24,13,234,260,142,0,118,4,4,56,2,78,38,1,37,27,20,4,11,2,34,45,28,8,4
1944.538462,3,72,106,1,78,6,23,3,2,8,3,4,3,1,2,10,11,207,163,157,0,125,0,2,21,0,136,19,0,50,21,10,0,17,3,40,28,21,9,2
1944.576923,13,60,93,4,44,2,21,6,3,2,2,7,2,3,1,12,16,158,83,190,17,118,1,7,10,2,74,15,2,29,21,2,0,13,1,30,14,4,5,5
1944.615385,8,66,42,2,30,2,22,2,0,6,4,10,10,2,0,6,8,126,78,156,0,110,0,12,20,2,28,8,0,14,38,2,0,16,2,26,6,8,2,4
1944.653846,9,38,26,0,19,1,6,0,1,4,3,3,2,3,1,5,2,134,48,115,2,95,1,2,4,0,22,16,0,18,25,1,0,15,1,17,7,4,2,6
1944.692308,17,32,25,3,7,7,5,7,1,5,1,19,8,2,0,2,6,139,43,150,10,91,0,13,5,1,21,7,1,22,17,0,5,25,4,10,10,4,6,0
1944.730769,21,98,39,4,6,16,2,13,2,6,1,43,16,2,0,2,2,264,56,288,14,162,0,10,6,1,22,9,0,68,28,3,6,74,13,36,6,6,18,0
1944.769231,58,171,98,6,2,15,2,53,0,47,0,43,65,3,1,10,1,429,82,439,69,164,1,27,14,1,29,18,0,76,28,1,5,179,14,159,12,12,31,1
1944.807692,77,224,121,23,0,23,2,80,6,138,1,58,97,16,0,40,2,447,145,722,100,156,0,76,7,2,15,46,0,229,70,1,6,188,12,271,12,22,20,5
1944.846154,136,332,186,42,8,42,2,126,6,544,2,86,152,48,0,74,4,588,114,820,138,116,2,174,12,0,28,24,4,268,82,2,28,336,44,424,16,28,16,0
1944.884615,141,362,185,102,5,58,0,125,4,692,2,90,190,31,1,56,10,683,175,794,200,109,0,175,12,3,38,34,0,203,99,1,19,306,61,512,17,36,35,3
1944.923077,188,574,177,314,8,113,0,169,29,646,3,139,238,27,0,80,45,844,207,920,261,134,1,390,24,2,63,63,2,303,153,6,13,331,152,409,23,33,21,6
1944.961538,192,870,108,386,3,107,6,151,47,507,3,237,287,45,2,116,56,643,277,999,322,138,0,532,15,8,74,134,0,199,256,0,18,203,107,343,29,22,40,10
1945,117,1560,82,413,2,154,6,260,133,376,5,267,191,125,2,238,82,488,404,924,358,150,2,566,36,11,62,70,1,103,318,6,39,164,232,369,28,35,47,10
1945.038462,57,1959,79,392,20,283,8,440,166,187,38,138,132,217,0,525,142,471,671,813,237,158,0,422,64,64,43,205,12,89,505,37,40,87,220,269,30,35,218,29
1945.076923,43,1848,61,158,32,516,9,454,380,118,127,97,116,500,2,1263,430,374,1387,761,188,183,1,296,84,108,86,159,9,91,870,83,118,81,272,287,29,63,335,57
1945.115385,18,1640,36,160,44,590,24,520,230,38,160,40,104,842,0,1388,590,368,1280,614,138,162,6,176,36,182,200,188,12,50,1108,96,118,60,248,270,50,116,222,124
1945.153846,12,1593,96,52,74,816,33,496,361,58,187,39,49,737,1,2001,1091,333,1963,602,66,185,4,90,28,344,221,77,7,75,1150,125,159,26,149,481,59,174,372,188
1945.192308,20,1478,57,42,73,880,33,586,335,50,261,39,35,826,0,1958,1398,311,2570,604,41,204,7,66,30,563,306,101,21,34,1155,279,136,9,75,556,154,312,221,373
1945.230769,11,881,57,20,131,618,48,364,266,50,396,30,20,498,2,1140,968,242,3294,384,37,288,4,64,29,481,223,74,19,44,894,313,116,10,60,410,313,334,127,440
1945.269231,14,555,59,13,79,261,225,213,205,44,372,23,11,123,9,489,318,220,2965,215,23,268,5,45,28,270,170,69,30,13,516,490,93,3,18,137,342,254,92,321
1945.307692,7,238,66,11,62,100,242,121,161,55,362,15,16,115,7,207,86,215,1873,166,14,172,4,30,15,144,82,31,98,3,344,216,102,2,12,93,299,173,60,147
1945.346154,6,186,34,10,30,92,326,62,128,50,334,10,10,56,8,148,52,176,1644,142,10,172,6,12,8,68,40,34,122,4,246,204,90,2,10,58,300,106,10,66
1945.384615,13,154,20,10,85,48,306,73,85,45,254,17,13,55,8,125,54,178,1433,128,11,177,8,16,4,106,27,53,358,8,153,213,66,7,6,28,243,74,11,121
1945.423077,16,72,8,12,68,29,190,61,68,34,127,14,5,22,13,46,33,146,980,79,19,125,27,9,1,61,23,21,263,6,99,87,47,7,3,29,156,66,12,79
1945.461538,9,62,19,12,45,14,113,33,27,32,63,21,12,16,11,18,17,93,754,66,30,87,66,2,9,53,16,40,192,9,51,59,20,5,4,15,114,39,3,34
1945.5,6,30,18,9,36,10,66,24,21,18,42,6,15,4,14,14,19,87,451,44,12,74,92,2,14,24,9,28,110,8,26,25,15,4,4,13,55,24,4,23
1945.538462,1,14,14,9,16,11,41,22,11,11,11,4,4,6,19,13,5,58,282,43,5,54,114,4,23,18,6,15,60,17,18,10,5,6,2,7,33,5,3,14
1945.576923,1,11,6,1,12,2,6,9,21,6,5,11,6,4,19,8,7,23,174,25,4,29,79,2,19,11,2,13,22,5,12,9,8,1,2,9,33,5,4,2
1945.615385,0,20,0,12,8,4,2,4,12,16,4,2,10,4,14,2,4,18,132,10,0,14,76,2,12,0,6,4,24,4,6,8,4,0,0,2,14,2,0,10
1945.653846,0,10,0,2,3,4,3,12,10,9,9,7,2,2,14,3,4,75,109,18,1,25,55,1,7,3,5,5,7,4,9,4,3,2,0,5,6,1,1,4
1945.692308,0,17,1,1,1,0,0,3,7,1,3,2,1,3,10,5,1,23,82,12,1,16,17,2,3,2,2,4,4,1,3,2,3,1,2,4,5,3,2,5
1945.730769,2,4,0,0,2,3,0,3,4,2,3,8,1,1,5,5,1,45,80,14,4,7,18,1,2,0,3,0,1,2,6,0,0,6,2,8,6,1,1,2
1945.769231,1,10,1,0,1,2,0,0,1,4,2,5,2,1,7,4,2,42,88,19,1,4,12,2,2,0,0,0,2,1,1,0,5,6,1,8,7,2,1,1
1945.807692,1,6,0,0,0,2,0,5,0,6,0,6,1,0,8,2,0,54,79,16,0,2,24,4,0,5,2,3,0,0,3,0,10,10,1,3,2,1,1,0
1945.846154,0,14,0,0,4,4,0,4,0,2,0,6,0,0,6,4,2,44,46,12,0,4,54,8,2,12,2,0,0,2,4,0,4,12,0,0,0,2,2,2
1945.884615,1,12,6,0,0,1,0,1,1,1,0,6,0,2,30,5,1,42,77,8,0,5,93,3,0,1,1,3,3,0,4,1,1,5,0,1,4,2,0,1
1945.923077,1,10,3,1,1,3,0,2,0,0,3,2,1,6,39,1,1,54,76,22,0,1,142,3,0,2,1,3,1,5,2,0,2,9,0,0,2,4,1,0
1945.961538,1,14,2,2,1,1,0,9,1,1,1,3,0,1,102,3,1,92,94,7,0,1,170,1,2,1,4,0,0,0,2,0,2,11,0,6,8,0,4,0
1946,1,16,2,1,1,2,2,4,1,3,0,3,0,1,104,8,2,101,162,6,0,3,162,0,2,3,0,4,0,1,5,0,0,8,0,1,4,2,3,2
1946.038462,1,19,0,1,1,0,2,2,1,13,0,2,0,0,147,3,2,124,209,10,0,2,83,3,0,1,4,0,1,1,3,0,0,10,0,2,12,2,5,0
1946.076923,0,26,0,1,0,2,2,2,0,9,0,4,2,2,287,3,0,148,458,13,4,2,99,3,2,0,2,2,0,2,6,2,0,39,0,2,19,4,1,3
1946.115385,0,24,0,0,0,0,0,0,0,44,0,6,0,6,224,8,0,160,706,12,2,2,76,0,2,2,0,0,0,2,6,0,0,48,2,0,20,0,2,0
1946.153846,3,27,4,0,2,0,0,1,1,48,1,6,0,24,167,6,0,190,761,27,2,4,44,0,0,1,2,0,0,3,5,0,6,59,0,3,51,5,1,0
1946.192308,5,31,2,1,1,1,1,5,7,67,2,3,0,25,80,16,2,237,987,25,2,2,22,5,0,0,2,0,2,0,8,1,28,30,1,5,106,1,0,5
1946.230769,8,42,2,1,27,2,5,4,21,80,0,18,1,18,56,12,14,414,1339,33,4,9,14,28,2,0,7,2,2,2,8,3,35,32,2,2,171,1,4,5
1946.269231,8,46,2,2,32,2,7,2,19,101,1,18,2,21,8,11,16,528,1885,49,2,7,2,44,2,0,2,6,2,1,7,2,39,18,2,2,194,0,2,4
1946.307692,10,68,2,4,9,5,5,3,21,129,0,7,3,39,8,17,4,529,2110,71,0,13,1,83,0,4,3,9,0,6,15,1,31,10,2,5,139,2,3,2
1946.346154,4,116,2,0,18,2,4,14,18,96,2,2,2,28,0,18,8,368,1856,84,0,18,0,80,0,2,4,8,0,12,16,2,22,12,0,14,96,0,6,8
1946.384615,10,107,12,0,14,5,7,7,8,102,0,0,0,31,2,23,1,446,1870,87,2,8,0,50,2,0,7,5,2,18,15,2,31,14,1,24,185,2,10,3
1946.423077,23,138,11,0,20,5,3,11,38,96,1,5,0,41,21,21,1,499,2040,107,2,6,1,69,0,1,14,11,0,33,26,1,21,11,0,15,205,0,14,5
1946.461538,47,168,13,1,45,8,6,16,29,93,3,14,1,34,9,48,1,490,2058,96,2,19,2,113,2,5,21,8,0,19,39,3,59,10,6,22,114,0,11,3
1946.5,37,302,11,0,10,4,8,6,83,58,15,4,4,28,4,51,8,384,1529,116,4,22,1,88,6,4,27,9,1,10,58,2,37,8,5,31,82,4,16,6
1946.538462,36,332,44,4,7,1,5,5,110,39,19,8,1,20,0,40,11,284,970,103,7,58,0,76,5,5,21,7,1,5,51,2,44,5,4,42,59,8,12,11
1946.576923,37,277,41,3,6,7,12,5,110,12,17,3,1,10,0,42,24,144,726,149,7,71,4,44,8,23,17,6,1,4,77,3,57,7,8,39,24,5,14,20
1946.615385,24,238,38,4,4,2,20,8,88,20,16,0,2,10,2,20,34,96,510,108,18,78,2,34,20,16,18,0,0,8,66,0,32,8,6,42,18,0,4,12
1946.653846,13,171,38,9,6,2,12,8,30,13,15,8,3,7,4,19,9,66,286,121,12,88,3,24,19,31,16,2,10,6,44,3,5,6,9,18,20,2,2,10
1946.692308,11,115,19,2,5,0,8,4,3,6,9,7,2,11,1,19,5,56,171,105,16,107,0,5,28,11,8,0,1,0,47,1,10,3,2,16,8,0,1,4
1946.730769,11,98,10,6,3,6,4,12,6,8,2,25,12,22,2,40,2,88,162,113,7,175,1,4,34,10,10,2,2,2,72,6,3,2,4,24,10,0,2,6
1946.769231,15,115,19,10,3,1,7,7,4,9,4,66,38,33,3,55,4,105,188,113,12,318,1,18,66,10,5,0,1,1,110,1,1,2,10,35,8,3,2,4
1946.807692,35,167,47,28,27,2,7,9,7,6,12,143,97,59,0,54,4,55,224,121,45,443,1,52,202,8,14,4,0,5,114,2,4,4,40,35,6,0,0,4
1946.846154,52,216,78,28,110,0,24,24,50,10,22,144,128,68,0,38,36,78,314,144,56,534,0,72,264,10,22,6,12,2,166,0,2,6,50,110,4,0,4,2
1946.884615,52,231,133,32,86,2,39,43,35,10,39,148,184,78,2,71,35,88,356,297,104,484,3,79,425,10,16,9,6,10,156,5,2,5,85,81,6,2,0,23
1946.923077,41,387,156,42,122,3,56,44,47,3,42,174,170,103,0,109,42,120,460,487,89,461,1,100,451,22,12,58,1,26,178,9,0,3,174,99,5,0,11,67
1946.961538,67,587,146,35,146,0,60,43,67,5,47,228,108,89,3,103,38,151,482,654,250,500,4,165,297,18,13,117,2,37,268,11,0,11,212,74,19,0,11,53
1947,52,930,165,71,178,8,75,58,130,15,99,260,97,131,14,124,92,140,586,885,614,424,4,354,320,83,30,364,2,92,298,18,9,22,180,105,21,1,12,126
1947.038462,42,1371,180,126,163,48,47,148,82,34,104,149,61,204,12,230,140,153,796,1257,814,342,4,256,234,155,53,544,4,201,297,70,48,23,135,122,20,1,55,134
1947.076923,108,2066,157,276,109,31,73,274,62,51,110,93,110,131,32,347,198,157,1065,2146,586,246,4,260,126,189,128,478,25,421,488,158,28,94,123,141,9,1,109,271
1947.115385,120,2113,94,343,100,53,49,202,51,79,162,44,48,183,55,571,148,185,1241,1699,275,207,26,232,49,277,149,130,67,361,637,264,49,202,119,239,28,10,190,289
1947.153846,112,1279,36,308,171,53,39,313,71,105,118,15,28,148,41,531,415,221,1230,1014,81,100,17,131,17,349,212,67,55,218,552,303,120,186,133,235,18,88,216,169
1947.192308,69,841,40,244,118,56,58,376,71,182,127,11,29,191,18,560,589,230,1012,482,84,91,6,105,5,286,191,16,38,142,487,402,148,192,70,238,12,160,178,190
1947.230769,62,623,22,157,68,71,89,372,55,185,118,8,29,129,15,562,504,345,981,383,19,64,1,61,1,250,187,6,62,123,434,230,164,92,28,315,14,184,146,134
1947.269231,22,394,15,163,41,105,42,333,78,269,133,8,20,149,10,580,625,245,1015,274,6,37,1,40,1,164,208,4,57,121,329,166,204,125,12,426,11,304,154,133
1947.307692,20,308,11,93,34,197,15,240,63,240,177,11,15,129,11,447,329,264,771,178,3,21,2,33,2,163,166,6,81,47,276,76,169,97,7,161,19,331,151,80
1947.346154,5,267,25,69,43,409,40,340,60,456,237,0,43,101,11,652,265,421,1031,165,7,16,0,36,2,100,205,7,109,30,308,67,40,112,8,415,15,497,173,99
1947.384615,15,262,25,78,64,638,37,311,122,490,205,3,94,79,6,680,124,538,1093,88,9,34,4,33,3,62,186,6,130,11,351,52,53,118,5,312,49,310,139,76
1947.423077,8,259,51,41,68,645,67,279,91,382,233,5,112,111,19,524,112,550,1196,88,6,35,4,38,4,73,118,4,159,8,355,35,70,54,5,252,105,207,96,66
1947.461538,7,185,57,42,52,677,57,176,78,241,212,9,89,82,20,314,46,479,1076,83,6,30,0,25,1,32,89,3,132,6,219,30,55,55,1,190,116,108,29,48
1947.5,13,126,36,21,25,717,48,75,84,163,140,0,90,108,17,205,23,438,1029,74,7,47,18,36,9,34,39,3,95,14,213,40,59,125,1,141,152,60,26,50
1947.538462,12,147,25,19,11,457,46,33,94,140,124,5,45,87,5,148,19,302,828,80,7,33,8,28,13,28,16,5,32,8,177,20,48,92,3,108,178,41,15,32
1947.576923,16,113,26,5,22,291,41,40,46,47,51,8,28,36,3,105,17,229,669,56,6,22,18,36,11,44,7,4,18,2,126,23,31,69,4,38,185,40,14,19
1947.615385,8,79,7,0,5,151,20,29,41,29,38,2,12,33,3,72,11,148,372,41,10,36,14,20,2,15,19,1,5,3,85,6,17,15,4,25,104,15,6,7
1947.653846,5,35,6,1,12,61,2,19,33,12,6,1,3,18,0,32,15,45,171,34,2,15,4,12,4,15,4,5,0,1,61,3,9,9,2,22,50,11,0,5
1947.692308,0,31,2,1,6,28,2,9,12,4,14,0,1,18,2,11,4,41,84,24,8,11,0,2,1,4,4,11,0,2,18,1,5,4,3,33,31,10,4,1
1947.730769,2,26,1,0,3,8,6,13,10,3,25,0,0,11,1,14,1,38,71,18,8,12,5,9,10,15,2,16,0,4,16,0,1,1,1,23,25,6,1,2
1947.769231,3,22,1,4,1,9,5,13,18,4,27,1,1,11,2,8,2,49,113,17,6,23,11,10,11,20,2,16,0,0,8,0,0,0,1,11,32,2,4,0
1947.807692,7,33,2,4,1,14,2,7,30,9,46,1,1,7,0,13,2,39,108,16,8,60,15,54,15,19,1,10,1,0,6,0,1,0,1,25,37,1,5,0
1947.846154,2,52,1,8,4,20,31,9,18,10,32,23,3,8,1,2,9,30,188,13,18,97,13,48,24,39,0,10,1,0,10,0,0,0,1,52,57,12,8,1
1947.884615,11,78,1,2,0,13,21,8,21,14,18,14,0,23,1,7,0,41,241,22,24,81,21,60,10,52,1,6,2,3,13,1,0,1,2,39,55,21,10,4
1947.923077,7,84,0,0,2,29,48,8,59,27,20,13,2,13,0,5,16,75,305,26,37,92,37,87,25,30,2,1,0,4,7,0,0,2,1,45,70,15,11,2
1947.961538,5,73,2,1,0,15,106,9,84,27,26,23,1,4,0,9,2,62,248,27,76,93,71,141,23,28,3,2,2,0,9,0,1,8,0,46,55,16,8,4
1948,32,162,4,0,1,22,122,8,78,58,46,32,4,8,1,7,24,98,478,45,108,100,112,194,12,16,1,8,2,4,28,2,1,17,0,52,75,12,32,8
1948.038462,98,171,3,0,6,7,25,8,41,65,48,28,4,29,4,8,9,108,624,56,96,59,112,185,25,33,4,12,8,5,15,1,1,1,1,22,38,3,16,9
1948.076923,172,285,1,0,6,4,17,4,47,117,54,44,2,20,0,17,8,162,1160,126,105,74,168,266,25,60,6,3,9,2,10,0,2,10,3,42,30,2,30,55
1948.115385,300,382,4,0,12,8,28,26,42,230,88,46,0,40,6,26,8,338,1532,174,124,92,242,312,32,60,14,0,18,2,12,0,6,8,12,50,26,2,56,74
1948.153846,212,498,7,0,11,7,16,9,27,236,123,57,1,53,26,21,7,495,2235,140,138,123,192,196,14,111,10,2,9,1,16,1,6,1,5,45,50,1,33,128
1948.192308,196,735,5,1,23,21,25,24,38,222,217,37,4,66,51,28,17,564,2973,141,113,174,142,213,13,98,6,2,7,14,15,1,4,1,16,70,44,1,47,139
1948.230769,130,966,3,1,28,54,38,10,56,275,240,34,8,64,401,48,37,836,3302,202,82,198,138,158,28,100,5,4,6,4,21,2,8,5,28,112,38,6,32,134
1948.269231,82,930,8,10,26,74,27,18,58,396,163,80,4,56,445,76,47,796,2507,298,83,172,95,101,41,62,5,3,17,9,24,3,16,14,16,137,81,3,29,86
1948.307692,21,945,4,16,30,69,26,17,46,449,92,110,21,102,401,95,97,836,2037,318,48,239,32,60,44,31,7,4,69,20,35,4,13,20,19,273,101,7,21,50
1948.346154,26,1504,2,8,68,62,50,38,22,528,68,144,32,104,444,92,186,876,2080,486,44,214,38,50,64,30,6,10,72,24,26,0,8,18,6,298,150,2,18,62
1948.384615,26,1390,9,13,30,64,104,60,75,427,84,142,45,145,157,123,239,732,2128,527,34,268,19,72,45,49,5,3,56,55,82,4,51,30,19,385,142,3,6,70
1948.423077,23,1106,11,15,27,61,171,82,76,234,96,174,37,244,99,182,221,563,1901,804,41,296,10,75,70,59,7,8,15,53,72,2,50,19,24,384,175,5,9,67
1948.461538,15,898,21,11,28,39,124,117,77,118,112,107,57,271,28,212,185,346,1635,975,39,347,10,50,58,75,24,12,9,72,83,33,83,10,23,335,178,3,27,74
1948.5,6,635,28,9,13,44,70,170,61,49,82,58,40,284,16,296,161,183,1245,932,39,263,2,58,52,76,28,6,26,54,112,62,100,18,30,194,165,8,17,48
1948.538462,12,487,59,16,30,45,67,372,27,42,37,62,39,306,45,323,179,93,1009,823,29,229,1,40,56,86,33,3,33,87,190,95,102,43,55,147,138,19,26,24
1948.576923,3,198,61,26,18,39,73,310,18,22,26,39,27,267,9,267,140,82,717,605,18,211,3,37,60,71,25,1,14,87,233,112,66,42,25,89,104,20,25,13
1948.615385,2,140,64,72,26,30,52,234,30,34,18,44,16,178,6,244,144,92,378,368,12,164,0,40,62,60,26,6,24,22,172,62,44,46,30,44,106,24,36,10
1948.653846,1,85,54,81,23,21,30,142,19,5,13,35,19,121,7,132,78,57,269,229,17,96,1,28,85,24,11,8,8,24,204,44,12,28,12,66,67,26,10,24
1948.692308,1,61,27,79,7,25,22,101,12,9,29,22,11,97,3,99,62,60,171,247,15,63,1,15,43,20,6,22,6,33,140,20,6,23,13,52,46,27,6,12
1948.730769,0,56,26,138,5,28,18,161,52,10,38,14,24,136,2,106,43,66,176,276,17,41,0,10,51,18,4,61,8,60,274,17,6,37,29,38,54,14,6,16
1948.769231,0,54,63,212,2,30,18,237,62,17,31,11,55,215,2,195,51,74,164,302,16,44,0,23,73,24,13,107,10,85,493,45,3,79,25,77,64,34,5,33
1948.807692,0,57,106,282,0,26,31,442,51,11,34,8,28,250,4,229,82,52,242,321,36,35,0,37,72,22,27,163,20,115,726,142,10,126,41,88,72,42,11,16
1948.846154,0,60,126,472,2,48,28,612,88,42,48,4,30,356,6,236,104,92,216,380,32,16,0,24,124,50,24,118,44,202,878,184,8,38,78,104,52,20,14,20
1948.884615,1,60,232,400,2,31,35,732,53,34,16,3,15,481,0,264,119,110,262,404,25,14,2,70,89,49,66,348,96,254,1077,189,7,153,65,94,74,53,13,11
1948.923077,0,61,278,335,1,66,34,803,42,66,7,3,12,479,0,315,98,152,333,592,39,18,2,96,81,86,119,380,110,235,1397,261,42,239,76,132,97,60,9,13
1948.961538,1,79,316,299,2,65,62,730,70,39,7,8,16,329,0,251,123,102,290,555,52,19,0,137,96,142,301,323,128,228,1423,455,55,285,136,126,86,60,17,16
1949,16,122,316,212,10,113,65,810,100,43,14,10,24,259,0,603,300,142,622,748,98,57,0,180,96,149,590,234,123,186,1164,617,78,281,289,167,124,77,80,33
1949.038462,14,184,195,117,38,161,48,468,131,39,10,5,66,160,1,551,329,106,844,780,51,30,1,134,74,136,801,137,101,103,601,592,109,139,150,78,111,98,167,82
1949.076923,25,453,144,75,54,308,69,531,191,59,38,1,255,154,1,618,491,113,1305,916,112,101,1,169,140,410,923,64,90,64,447,592,320,127,178,63,76,129,461,218
1949.115385,50,624,112,76,174,590,74,492,238,42,46,2,376,146,0,786,576,220,1554,852,148,148,4,286,118,372,1022,40,80,66,368,384,754,114,172,94,76,306,568,264
1949.153846,43,839,97,32,198,589,76,386,267,53,64,3,332,170,3,565,755,228,1912,779,236,145,3,317,145,561,476,40,86,51,300,263,620,87,62,81,52,303,678,283
1949.192308,45,894,79,30,236,338,57,265,269,56,67,8,189,141,4,546,553,202,2265,608,343,152,0,226,129,437,268,27,102,47,194,123,380,56,43,59,31,189,480,299
1949.230769,44,820,47,3,320,286,79,164,286,46,226,13,108,105,7,392,408,260,3010,430,207,263,1,232,56,294,102,11,69,42,108,35,186,24,22,40,29,122,118,248
1949.269231,40,1017,25,11,301,389,76,76,244,46,279,12,76,116,6,285,197,282,3334,213,251,312,1,236,22,135,49,4,52,23,108,27,81,27,10,33,26,85,43,196
1949.307692,65,953,24,4,130,287,47,73,174,60,206,22,28,104,3,210,112,217,2711,200,179,337,0,256,31,93,31,6,18,15,72,27,56,6,10,40,45,74,22,110
1949.346154,50,866,20,4,114,150,66,76,86,38,172,16,16,38,6,210,114,222,2216,140,136,306,2,192,10,98,18,0,16,28,60,12,12,4,14,14,44,42,8,68
1949.384615,21,919,24,0,60,154,46,79,93,37,217,44,21,43,3,226,70,236,2058,112,112,305,0,181,13,77,6,0,13,14,68,10,8,5,15,19,100,61,1,43
1949.423077,30,1063,9,4,41,112,57,46,101,46,207,48,6,52,4,134,97,313,1884,133,83,288,0,172,9,55,3,4,3,16,56,11,9,6,17,10,118,27,5,85
1949.461538,57,847,11,2,13,69,51,61,75,44,177,49,5,43,4,105,46,363,1521,135,55,338,2,114,12,29,3,4,3,0,118,2,10,2,16,16,120,50,16,50
1949.5,22,611,6,1,12,30,17,59,51,59,98,65,3,42,4,43,36,496,1152,164,30,226,22,70,5,8,10,4,4,4,99,2,6,1,5,18,136,17,4,43
1949.538462,62,438,10,4,6,22,7,89,28,93,45,60,7,41,2,33,20,369,682,96,12,113,36,29,4,9,6,2,5,6,69,3,5,1,3,29,104,28,4,39
1949.576923,66,358,11,5,10,4,1,51,21,64,9,29,5,29,3,18,13,209,496,98,11,92,29,28,11,5,10,4,5,6,35,2,2,4,4,21,62,13,3,16
1949.615385,44,184,2,6,4,4,0,16,6,28,6,12,4,12,0,8,8,156,316,32,4,24,30,20,12,10,2,6,2,8,48,0,6,8,12,20,44,4,2,12
1949.653846,13,79,1,6,3,6,2,19,6,30,4,14,3,11,3,11,3,136,212,37,8,50,24,5,1,7,2,2,4,2,23,0,2,4,11,12,41,4,5,4
1949.692308,20,49,1,2,4,5,2,8,9,18,3,8,0,5,4,9,4,112,108,25,6,25,15,1,7,5,1,2,2,2,17,1,1,1,8,15,32,1,2,3
1949.730769,5,46,1,2,2,0,3,8,3,12,2,3,0,6,2,8,2,126,79,20,3,28,13,4,9,2,0,1,3,2,12,1,2,4,7,18,28,2,4,9
1949.769231,1,70,2,0,1,2,0,8,1,14,1,1,0,4,2,5,7,134,84,13,3,15,40,2,17,1,0,0,0,0,20,0,0,2,7,50,69,0,3,15
1949.807692,1,57,3,3,0,2,0,4,4,9,0,0,1,3,1,5,9,168,96,10,0,10,61,2,11,3,3,0,1,0,17,0,0,0,11,57,117,2,2,2
1949.846154,0,58,0,0,2,4,0,0,2,4,0,0,2,6,0,2,4,172,56,8,2,8,30,4,22,0,0,2,0,0,16,0,4,0,16,86,192,0,2,2
1949.884615,7,70,1,3,1,1,0,1,1,5,0,3,0,8,18,2,26,165,51,9,4,7,157,9,48,2,1,0,0,5,14,1,2,1,2,122,191,0,1,0
1949.923077,2,102,1,2,1,2,0,3,0,1,1,2,1,0,28,10,35,222,57,22,2,21,302,8,50,2,0,0,1,2,38,1,5,1,1,152,173,2,1,0
1949.961538,3,137,0,1,2,2,1,6,2,0,2,0,0,5,89,4,50,271,66,31,4,25,334,1,49,3,2,0,0,2,49,0,0,2,1,150,127,10,2,1
1950,4,179,2,1,4,1,0,3,6,1,1,8,0,4,177,17,58,533,96,22,6,52,296,4,35,1,4,1,2,0,48,2,2,3,2,232,132,9,1,4
1950.038462,6,160,3,1,2,5,1,12,2,26,4,8,1,8,189,30,72,592,60,14,10,34,328,4,64,1,2,1,1,2,33,1,2,1,0,233,81,10,1,3
1950.076923,11,162,5,1,2,4,0,6,1,46,2,8,1,4,384,43,111,868,80,9,9,63,279,1,60,1,22,0,1,0,44,0,0,0,0,464,86,74,2,0
1950.115385,8,254,4,0,4,4,0,4,6,122,2,24,0,2,348,64,116,850,142,20,6,64,238,2,68,0,40,2,0,6,70,0,0,0,2,542,50,112,2,0
1950.153846,29,294,7,1,1,20,0,7,1,127,1,31,1,7,262,58,163,1037,120,30,4,85,113,7,64,1,52,0,1,1,96,3,1,3,0,645,99,140,4,1
1950.192308,52,464,1,1,1,48,0,10,13,228,2,68,1,2,227,129,136,895,114,47,9,69,70,4,104,1,79,1,1,2,123,0,2,3,1,603,120,198,3,2
1950.230769,154,622,2,1,2,109,0,8,29,319,2,127,0,2,100,141,183,785,205,94,15,96,26,2,86,2,84,4,11,26,170,3,4,4,1,444,172,152,2,4
1950.269231,169,596,2,2,3,150,3,9,34,661,8,234,2,4,74,214,183,610,345,133,26,127,16,2,67,2,136,0,0,47,207,1,1,17,9,327,212,117,4,22
1950.307692,138,572,7,1,3,156,7,27,40,664,5,347,0,1,17,237,135,434,344,106,18,147,4,7,45,5,119,0,0,41,138,2,5,13,24,233,197,114,8,41
1950.346154,86,442,0,0,4,176,28,10,42,742,2,318,0,12,8,264,138,480,524,108,56,188,8,0,60,2,168,0,0,40,140,0,6,22,22,136,170,70,8,30
1950.384615,160,795,0,1,0,220,22,18,79,762,4,404,2,4,3,381,88,363,829,130,50,236,8,20,32,3,182,0,0,44,197,21,4,22,73,102,139,154,6,33
1950.423077,173,960,6,3,4,275,53,20,91,624,25,292,2,34,12,415,79,292,1091,180,58,333,4,52,40,3,176,0,2,55,258,18,4,20,84,119,118,139,7,45
1950.461538,159,878,14,3,5,301,24,27,100,343,17,193,2,44,11,277,80,244,1174,271,50,299,2,57,27,9,144,0,8,27,187,8,7,13,110,83,88,90,46,55
1950.5,158,616,38,6,4,318,70,43,166,176,24,65,21,140,4,330,36,185,1282,358,66,252,2,76,30,10,130,11,15,33,170,19,9,14,160,71,106,65,28,57
1950.538462,148,505,34,13,14,258,60,46,217,102,23,35,31,125,10,313,18,155,1181,479,70,153,1,97,24,7,71,20,15,14,223,18,10,9,102,41,89,25,18,59
1950.576923,67,421,59,141,9,176,55,59,187,49,15,21,33,94,4,277,15,97,1138,447,29,92,2,163,34,5,53,22,2,31,258,31,11,11,56,34,57,13,19,17
1950.615385,72,286,34,56,10,110,36,74,124,52,6,8,22,76,6,220,6,110,724,376,24,78,4,146,56,8,30,16,4,10,230,28,14,30,52,24,80,32,22,8
1950.653846,27,161,31,50,12,91,61,63,90,27,10,6,12,71,6,186,16,66,515,267,11,48,4,88,47,12,24,12,2,31,151,29,12,18,35,28,31,12,16,18
1950.692308,9,93,18,38,4,39,11,57,43,18,14,4,18,87,4,111,11,48,308,203,23,42,1,40,41,3,8,17,1,16,97,19,6,7,24,18,28,3,7,12
1950.730769,9,88,19,20,4,20,6,185,34,12,4,0,42,229,3,78,12,42,472,399,11,21,2,61,32,7,7,20,4,18,106,4,3,8,10,10,34,8,4,13
1950.769231,6,121,48,88,1,30,2,226,49,12,21,2,87,523,0,132,10,18,669,671,36,10,1,56,29,3,6,67,6,35,256,6,1,10,18,7,26,9,2,8
1950.807692,2,186,31,122,0,37,2,207,79,6,36,4,95,999,0,218,24,24,983,774,47,10,1,90,14,11,22,77,3,66,264,1,5,8,24,13,11,2,5,5
1950.846154,6,214,24,130,2,54,0,272,108,12,26,8,130,992,2,312,20,22,1088,898,12,8,0,82,14,12,92,110,0,102,404,2,2,14,42,6,12,4,4,2
1950.884615,2,297,19,220,9,70,4,281,265,26,31,6,216,1362,0,328,32,33,1593,941,28,4,0,122,5,29,51,129,3,180,417,17,3,33,52,9,12,4,13,66
1950.923077,2,395,85,393,50,122,7,393,337,6,39,4,228,1139,2,378,48,31,2446,1091,63,6,2,322,25,62,26,141,1,248,487,137,2,19,97,13,13,5,16,135
1950.961538,16,423,140,445,57,130,8,444,393,6,51,1,173,773,0,462,46,26,3090,1179,52,9,1,416,66,56,46,97,4,361,606,146,2,18,86,6,19,9,21,190
1951,20,577,170,638,30,108,47,694,410,9,74,1,220,436,4,501,115,21,4734,1573,62,11,3,1061,140,87,147,110,20,462,810,295,18,20,196,14,10,17,87,252
1951.038462,4,405,278,264,65,78,69,418,293,32,110,1,154,254,3,426,49,65,4395,994,105,14,0,709,203,98,146,75,27,229,570,250,29,64,207,14,5,50,82,146
1951.076923,20,440,211,143,242,95,49,419,249,38,123,0,147,78,5,509,63,87,5297,898,190,31,0,540,137,343,191,79,39,248,588,445,48,154,194,6,8,44,135,136
1951.115385,18,590,228,142,330,148,94,562,258,94,258,8,100,52,2,664,60,118,6356,884,356,40,0,454,182,518,374,102,34,282,586,718,88,252,172,0,8,72,174,130
1951.153846,34,958,218,207,344,132,124,734,399,52,410,8,109,90,7,857,144,155,7061,716,496,73,1,412,165,968,385,100,105,173,593,853,275,261,164,5,17,84,343,158
1951.192308,33,1475,158,172,382,143,179,894,406,52,446,9,71,69,4,980,263,245,6637,670,521,145,0,385,195,1145,383,130,133,129,509,658,632,277,165,23,58,133,408,228
1951.230769,55,1694,96,85,271,292,372,827,369,44,474,38,64,104,16,1116,533,436,4641,634,502,178,2,313,193,1102,278,170,140,101,647,336,866,375,112,40,45,162,364,300
1951.269231,36,1703,39,36,198,408,404,505,206,52,309,108,23,105,39,792,597,515,2821,478,295,209,4,256,161,548,169,113,215,143,434,207,566,299,55,23,66,156,201,171
1951.307692,69,1688,19,47,132,474,356,428,109,20,167,100,25,65,116,421,565,616,1888,426,249,261,4,217,133,275,155,76,334,105,370,122,295,240,37,41,107,120,119,153
1951.346154,110,1642,16,30,50,372,304,392,126,14,190,70,34,94,166,328,656,810,1762,410,212,560,0,188,106,232,176,40,366,94,402,142,346,210,14,88,190,240,160,210
1951.384615,158,1536,49,30,74,423,291,319,47,47,146,149,18,55,248,306,497,1069,1449,257,191,502,6,119,60,176,151,54,295,66,411,79,318,155,10,65,247,193,98,121
1951.423077,257,1150,40,7,21,320,193,286,28,66,156,126,19,74,159,198,439,1002,960,243,126,578,1,110,54,100,111,18,182,48,322,42,148,110,10,67,353,160,70,108
1951.461538,216,813,45,6,15,214,96,165,32,39,129,87,14,44,87,119,308,898,761,208,82,485,0,80,39,50,88,20,99,28,272,26,75,41,11,76,289,118,30,59
1951.5,156,461,51,6,17,147,25,89,28,78,53,52,8,32,64,76,170,693,429,135,43,436,1,35,23,30,59,25,37,21,302,28,23,22,7,104,399,57,18,28
1951.538462,122,265,22,6,17,123,2,51,27,69,22,22,12,43,38,50,87,533,269,49,24,223,4,24,23,10,37,0,10,22,218,12,19,17,5,136,379,18,3,19
1951.576923,57,154,35,3,14,139,5,34,21,62,16,25,0,28,30,32,55,434,162,40,27,140,7,27,10,6,17,0,11,5,150,7,12,10,0,139,184,6,1,7
1951.615385,34,108,20,12,16,60,10,14,16,68,4,22,2,42,22,38,62,300,116,28,32,74,4,22,8,6,10,2,0,8,114,4,14,6,6,118,176,2,0,16
1951.653846,25,77,15,6,9,48,7,11,9,41,11,10,1,30,5,23,26,246,119,26,20,51,4,24,15,1,1,3,1,12,46,8,4,11,2,75,92,4,3,2
1951.692308,17,49,4,4,1,17,2,6,7,20,9,18,2,13,1,19,10,186,85,19,20,41,9,19,3,6,5,1,2,1,12,10,5,15,5,62,56,4,4,1
1951.730769,18,24,2,2,1,23,1,6,5,30,2,54,8,17,0,17,2,232,54,26,18,18,2,10,6,2,4,0,2,0,10,6,6,12,2,66,50,1,2,9
1951.769231,13,33,3,2,0,13,0,40,8,107,1,40,45,4,1,13,3,270,103,54,7,15,39,6,3,3,2,2,0,4,6,1,4,20,1,131,54,3,3,19
1951.807692,26,61,2,1,0,5,0,45,8,191,1,39,5,23,1,23,4,263,118,58,2,18,38,9,2,0,1,0,0,0,7,2,5,24,3,180,58,1,0,15
1951.846154,36,36,10,0,4,6,0,52,2,152,2,76,12,42,2,10,4,242,100,84,2,10,24,4,0,0,4,0,2,0,8,8,0,22,2,320,66,0,0,6
1951.884615,27,65,16,1,2,10,3,48,6,213,1,57,5,53,1,10,4,253,69,86,2,20,17,7,1,0,1,0,7,5,6,5,1,15,1,335,73,3,3,2
1951.923077,32,61,42,1,0,11,3,63,8,282,0,64,2,58,1,7,2,300,58,105,1,35,14,10,6,3,2,0,6,6,2,6,0,5,1,296,75,5,6,1
1951.961538,50,66,23,0,1,12,0,62,22,395,1,82,9,118,1,6,2,326,44,71,1,23,26,16,2,0,2,0,2,4,6,14,3,4,3,309,81,2,7,2
1952,59,78,62,2,1,8,1,32,22,444,1,52,6,262,2,8,3,412,66,124,3,22,87,20,3,2,3,2,4,12,5,16,4,11,0,460,103,2,22,3
1952.038462,96,95,75,3,0,5,0,10,25,438,1,37,3,368,1,7,1,391,85,190,4,30,109,30,4,2,9,3,7,10,17,15,3,10,1,383,65,8,18,6
1952.076923,52,122,42,4,6,12,1,21,15,497,7,34,2,497,0,11,1,482,115,354,6,19,229,39,3,0,4,1,12,9,23,5,4,26,3,392,37,6,12,2
1952.115385,102,175,57,3,14,50,2,25,9,542,5,38,0,665,10,6,1,563,226,375,4,49,406,42,4,7,3,4,15,13,18,8,0,49,5,418,86,20,7,0
1952.153846,189,294,104,6,11,95,1,55,8,528,3,35,3,959,14,4,5,700,371,443,2,99,501,38,16,3,8,3,17,17,16,7,1,75,6,292,167,16,4,6
1952.192308,207,350,127,1,5,188,0,41,20,515,4,36,2,804,2,10,7,730,457,447,3,119,545,54,13,10,10,12,15,32,31,11,1,98,9,289,218,19,8,5
1952.230769,162,356,140,1,5,221,5,50,22,310,5,45,2,664,2,15,0,653,501,590,3,130,501,65,6,5,3,24,7,54,79,6,6,97,10,287,176,21,8,6
1952.269231,113,319,123,6,0,257,6,61,18,203,4,29,1,386,2,22,3,468,504,571,8,193,244,38,3,3,5,25,4,64,161,11,5,109,6,217,187,43,18,18
1952.307692,122,241,131,8,3,232,18,59,8,88,1,34,3,300,0,56,2,529,497,453,3,261,145,48,2,6,7,36,18,75,200,5,5,114,33,153,177,53,16,17
1952.346154,80,183,78,18,8,272,24,80,6,36,5,32,15,157,1,80,17,517,560,380,11,188,59,34,6,9,2,42,6,93,204,5,4,99,19,95,163,62,22,8
1952.384615,68,277,81,11,1,319,32,131,20,29,2,45,54,81,9,123,17,657,849,382,13,255,38,62,5,17,1,69,10,127,348,4,1,99,25,51,189,67,22,9
1952.423077,47,188,66,31,3,279,38,152,68,18,0,89,95,87,23,253,27,597,1298,386,6,329,21,75,4,2,1,171,7,176,440,3,9,63,47,31,138,68,33,11
1952.461538,37,216,30,45,6,348,43,200,93,7,2,137,123,41,32,260,31,639,1353,444,17,371,12,107,4,1,1,185,13,165,433,4,25,48,45,21,121,63,25,53
1952.5,27,182,30,33,7,301,88,237,178,16,5,102,268,27,13,384,22,296,1396,507,15,353,9,114,9,1,3,296,23,174,389,1,57,40,37,10,118,62,18,187
1952.538462,24,205,53,59,11,255,72,178,235,3,18,59,258,34,12,399,30,346,1574,501,18,227,6,111,28,1,2,228,8,133,400,0,50,17,24,5,100,65,15,179
1952.576923,24,244,67,72,15,133,79,155,272,1,19,41,164,25,17,375,19,127,1870,490,31,234,7,151,26,3,5,142,5,114,405,4,38,15,38,4,92,86,8,139
1952.615385,13,218,33,75,14,62,35,92,221,12,14,47,79,22,25,267,23,77,1324,345,22,155,8,165,27,6,3,76,7,84,314,5,28,12,25,0,72,53,13,110
1952.653846,9,128,13,49,15,56,26,97,141,17,13,25,37,7,39,132,29,54,692,152,36,110,11,86,19,4,5,78,3,53,146,5,15,10,13,16,63,35,11,32
1952.692308,1,77,23,40,4,26,4,32,112,13,18,21,25,4,38,105,8,31,512,138,23,67,1,71,31,9,10,35,3,70,87,2,5,5,4,8,37,25,4,32
1952.730769,1,144,47,63,7,26,21,44,81,13,33,33,49,16,100,101,31,55,908,146,30,34,2,76,59,12,10,56,3,86,56,8,10,11,14,0,30,84,7,12
1952.769231,11,167,32,65,13,42,1,58,108,8,36,23,88,25,215,166,108,72,1646,225,125,55,0,124,95,32,38,55,2,145,67,33,3,4,44,7,31,89,15,18
1952.807692,6,303,52,125,46,66,0,54,135,37,80,24,103,30,275,272,297,41,2346,311,348,62,4,149,145,53,159,72,15,144,73,64,28,2,101,4,37,106,17,26
1952.846154,6,489,67,258,56,40,0,20,149,38,115,42,85,36,326,411,580,48,2197,390,596,73,1,206,220,104,220,35,22,153,96,47,78,0,164,12,43,98,12,10
1952.884615,2,705,87,327,39,29,1,15,236,35,231,64,70,22,404,335,690,55,2689,417,722,118,4,337,164,164,345,43,21,81,172,45,105,0,157,18,43,67,44,9
1952.923077,2,1285,50,377,61,24,1,40,221,43,508,92,131,8,462,504,767,80,2892,462,570,132,2,633,255,264,654,28,35,94,197,163,167,3,148,22,22,87,81,15
1952.961538,3,1752,30,375,155,57,17,69,198,22,495,102,107,2,297,370,599,71,2793,512,351,189,1,570,291,296,571,19,40,62,194,271,219,2,184,24,39,85,81,7
1953,3,2432,83,470,285,150,53,158,339,55,417,92,92,28,186,636,828,124,4258,820,274,374,4,732,270,473,1074,38,195,95,276,946,342,12,259,62,127,158,178,44
1953.038462,9,2119,115,369,354,187,56,215,324,46,310,106,65,8,39,647,433,123,2891,598,218,260,2,399,146,640,533,30,381,111,365,761,348,37,259,38,142,158,232,129
1953.076923,10,2850,89,198,481,289,109,428,248,123,348,147,52,25,26,773,410,194,3168,668,126,304,11,365,131,1000,534,43,386,81,577,520,364,74,292,19,205,169,395,263
1953.115385,4,2532,112,136,300,232,164,692,188,216,270,174,68,16,26,1008,340,238,3664,686,82,264,28,314,66,720,348,28,278,60,554,284,572,88,278,16,262,174,338,366
1953.153846,25,1892,105,65,307,226,168,701,192,225,185,142,69,25,11,828,324,296,3245,596,50,219,35,347,20,800,263,35,272,55,639,104,355,118,164,49,211,182,443,415
1953.192308,20,1566,53,19,259,231,199,754,96,294,97,106,29,14,22,756,229,548,2810,594,34,224,51,324,16,615,135,29,98,45,670,51,311,115,101,75,168,128,340,596
1953.230769,25,1081,27,29,122,212,338,1087,66,346,41,183,20,41,21,728,215,884,2079,598,26,254,65,209,35,314,74,12,36,60,698,15,242,156,44,78,151,93,206,628
1953.269231,38,546,18,24,53,153,213,1004,45,231,19,168,30,111,31,502,201,951,1464,693,11,199,39,160,35,97,35,17,13,65,611,9,105,157,19,108,203,57,66,274
1953.307692,30,298,10,21,28,198,140,778,26,118,6,82,15,137,22,298,77,751,788,362,17,161,36,115,17,33,12,8,13,65,372,4,53,121,13,51,214,44,28,149
1953.346154,78,176,10,6,20,188,202,656,54,168,4,54,4,274,6,204,58,844,610,378,14,110,22,74,38,40,12,12,2,58,320,2,34,88,12,70,214,34,16,46
1953.384615,101,128,12,3,6,149,118,561,37,184,2,43,18,317,7,182,58,852,614,300,8,94,11,49,13,16,4,16,7,72,316,0,24,89,2,58,125,42,12,45
1953.423077,85,124,10,7,5,138,86,264,34,152,0,41,23,287,2,105,14,948,504,280,4,71,17,63,5,4,8,8,5,62,243,1,13,67,5,59,97,22,7,40
1953.461538,91,91,7,6,2,109,62,177,22,151,4,23,40,464,8,66,16,1046,464,154,19,46,6,26,7,7,9,2,1,36,235,3,19,72,6,111,66,26,4,21
1953.5,93,80,14,12,4,102,46,108,23,82,10,12,40,504,6,40,7,682,242,122,16,51,8,28,3,4,5,4,6,23,174,2,6,60,3,108,46,16,2,3
1953.538462,44,33,8,7,5,70,40,36,11,19,3,13,24,307,6,19,8,472,145,66,11,28,6,38,3,8,3,5,8,25,87,0,0,42,7,160,18,5,1,0
1953.576923,45,18,13,13,6,50,29,29,8,13,3,7,17,185,1,11,7,253,117,30,11,21,3,27,7,1,0,13,0,22,60,0,1,24,0,108,4,6,6,3
1953.615385,32,30,8,16,4,28,8,8,10,10,0,12,6,122,0,6,0,114,58,34,16,10,4,16,4,2,2,8,0,20,26,0,4,4,0,118,4,4,4,2
1953.653846,19,29,0,18,0,21,9,8,6,5,2,4,7,85,1,9,7,84,47,30,12,10,2,9,3,3,0,3,1,7,10,1,0,4,0,60,10,3,4,1
1953.692308,2,17,5,8,0,15,1,3,4,6,1,3,1,44,0,7,5,41,35,16,6,7,0,3,2,1,2,2,0,2,11,0,0,4,0,35,3,1,1,3
1953.730769,2,9,4,4,2,4,1,6,2,3,2,2,1,20,3,13,2,60,24,14,3,4,0,4,1,0,2,3,1,2,8,4,0,20,0,48,3,2,1,2
1953.769231,1,7,0,4,0,2,0,0,3,2,0,0,2,15,3,14,2,53,32,5,0,0,4,2,1,1,1,0,2,0,3,2,0,25,0,111,5,2,3,3
1953.807692,3,7,4,4,0,2,0,3,1,2,0,1,1,13,2,30,2,52,43,11,5,2,4,0,0,3,0,1,0,3,6,2,0,32,0,162,2,0,0,1
1953.846154,0,8,18,2,0,2,0,0,2,0,0,2,2,36,0,22,2,50,48,6,0,4,6,8,0,0,0,4,0,2,2,0,0,12,2,210,0,4,0,2
1953.884615,3,7,8,2,1,1,0,0,3,4,0,0,1,33,1,33,4,51,35,10,4,25,72,1,0,0,1,0,0,0,12,22,7,13,1,140,5,3,3,1
1953.923077,0,6,13,0,0,2,0,3,6,0,0,1,0,29,1,29,4,47,29,6,1,11,107,4,0,0,1,0,0,1,4,3,4,22,0,172,3,0,1,0
1953.961538,4,8,7,1,0,2,0,0,1,4,0,1,0,33,1,19,4,42,13,2,7,1,118,2,1,1,2,0,0,1,4,5,1,44,0,75,0,1,2,0
1954,2,10,5,1,2,2,0,1,0,6,2,0,1,28,0,7,4,78,27,8,10,4,182,3,2,2,2,1,0,1,10,0,2,171,0,250,2,1,2,4
1954.038462,5,9,5,2,0,0,3,6,0,31,0,1,1,31,0,2,0,50,23,7,4,2,189,1,1,1,2,0,1,4,4,0,5,139,0,220,1,0,1,4
1954.076923,10,9,46,0,0,2,1,2,1,88,0,1,0,9,3,3,1,61,35,9,3,1,335,0,2,2,0,0,1,1,8,0,1,138,1,273,3,1,4,1
1954.115385,16,10,78,4,0,0,0,4,0,132,4,0,0,36,2,4,8,110,58,18,12,0,326,2,0,4,2,0,0,0,6,2,0,100,0,296,8,2,2,2
1954.153846,27,15,136,0,2,1,0,8,0,140,7,1,0,54,2,10,46,106,66,14,16,3,443,1,2,0,0,2,0,0,12,2,2,84,0,225,5,0,0,1
1954.192308,13,7,63,3,3,3,1,3,2,110,5,1,0,57,5,8,44,153,98,14,24,2,289,1,0,2,0,2,0,5,9,5,4,68,1,208,13,0,4,3
1954.230769,25,10,173,10,3,1,5,1,1,138,9,1,1,84,8,8,28,232,96,19,47,4,197,0,2,2,2,1,1,2,9,1,4,38,0,256,15,2,2,4
1954.269231,15,2,257,7,0,0,1,0,1,91,7,2,2,83,3,8,13,223,160,9,80,3,105,2,1,3,0,0,0,1,9,0,1,25,0,235,20,1,2,2
1954.307692,13,14,161,3,2,11,1,3,6,47,2,7,0,76,4,9,7,249,143,10,102,12,50,2,0,1,0,0,0,7,7,2,1,18,2,245,17,2,2,1
1954.346154,52,8,142,6,0,0,4,0,0,58,2,10,0,78,0,6,6,236,116,18,74,4,20,2,2,0,2,2,0,6,12,0,0,18,4,130,36,4,2,0
1954.384615,59,16,149,3,1,4,0,0,0,57,9,22,1,60,20,6,4,267,103,26,182,19,15,0,3,4,2,4,0,7,10,1,1,4,9,120,58,0,8,7
1954.423077,112,21,178,2,13,11,3,0,2,51,6,54,1,53,21,10,9,332,151,102,330,73,4,8,0,2,4,11,1,9,10,4,0,2,8,161,109,1,5,4
1954.461538,216,13,84,12,1,13,1,10,3,49,11,63,1,55,12,18,5,436,174,119,363,80,3,6,0,1,9,14,4,12,23,1,2,3,31,64,152,1,2,0
1954.5,274,18,103,8,3,12,2,15,0,28,4,58,2,66,10,22,20,473,271,133,260,97,2,4,2,2,6,26,0,8,18,1,1,4,69,86,195,1,5,0
1954.538462,316,11,54,26,2,11,5,20,1,38,3,47,1,73,3,22,17,552,316,153,181,78,3,2,2,2,3,29,1,12,32,1,0,1,84,73,189,0,3,4
1954.576923,257,25,30,32,2,9,1,20,1,23,4,39,9,68,7,28,14,477,249,209,86,71,2,6,1,12,2,32,1,3,32,0,3,0,42,33,193,3,3,4
1954.615385,148,18,8,18,0,18,10,18,0,26,4,24,10,58,8,46,6,372,210,170,48,30,0,2,0,4,4,20,0,6,32,0,2,8,60,40,140,0,4,2
1954.653846,65,19,5,31,1,21,4,8,3,18,5,18,6,22,4,26,4,331,144,154,56,36,0,1,4,5,1,30,2,11,17,1,3,5,42,14,88,0,0,0
1954.692308,30,19,5,17,0,12,1,7,0,15,1,18,2,27,1,28,4,281,144,196,21,21,1,4,3,1,0,62,0,36,17,0,0,5,28,6,58,2,2,0
1954.730769,29,18,3,36,0,30,2,4,3,20,0,8,5,60,0,18,1,339,243,554,20,17,1,10,58,1,2,121,0,53,17,7,0,7,14,6,36,1,7,2
1954.769231,55,12,4,41,2,61,0,2,1,25,2,27,9,93,0,46,2,428,389,850,20,42,0,27,58,0,0,193,0,101,46,1,1,7,20,21,36,0,8,4
1954.807692,93,18,1,58,0,100,0,1,0,64,1,33,25,145,3,83,0,471,539,1163,27,53,0,86,151,0,0,212,0,156,81,2,0,1,45,21,37,0,7,22
1954.846154,58,16,2,44,0,120,4,0,0,92,10,56,30,148,0,90,0,478,418,1164,14,40,4,58,174,0,0,240,0,142,78,0,4,6,28,32,44,0,10,22
1954.884615,50,38,0,82,0,120,0,4,1,107,13,92,38,160,1,84,1,607,535,1509,21,48,0,160,102,0,0,206,0,277,62,0,3,6,58,21,36,1,6,36
1954.923077,29,28,13,96,0,106,0,21,4,147,12,63,103,127,16,69,7,657,863,1766,37,51,0,154,144,0,2,183,0,457,59,1,3,5,86,19,47,0,1,106
1954.961538,16,38,16,82,0,135,1,43,2,256,33,53,173,140,44,54,7,411,1098,1267,22,47,0,97,303,2,0,132,0,351,125,1,1,4,63,11,60,1,4,137
1955,52,76,32,123,1,329,4,35,0,410,136,94,198,260,41,112,10,532,1856,1171,32,52,8,239,496,2,8,135,2,312,153,6,6,6,58,27,72,2,4,182
1955.038462,33,212,21,186,3,556,1,31,2,248,192,55,185,176,59,177,11,371,1793,770,28,94,1,361,453,2,6,119,3,148,185,12,25,5,91,38,67,1,12,141
1955.076923,60,643,29,343,14,979,1,77,15,318,359,67,342,148,108,522,35,383,3240,906,46,326,0,838,405,1,34,135,9,195,330,39,101,20,142,31,105,18,21,167
1955.115385,74,816,10,386,18,850,6,134,30,662,696,88,292,252,136,612,20,480,4804,1004,80,530,0,940,334,4,34,78,22,244,468,58,116,38,126,18,112,42,16,182
1955.153846,65,1721,15,224,29,1014,5,96,93,585,903,80,351,315,136,1204,38,535,6106,833,63,636,1,1134,164,15,46,66,53,201,838,97,422,17,315,37,185,25,146,136
1955.192308,101,2871,27,152,45,756,0,123,297,433,671,138,171,370,130,1736,29,416,6311,552,64,610,2,1331,52,46,50,34,88,148,1165,111,446,19,284,33,205,68,575,128
1955.230769,75,4034,66,176,84,521,10,210,592,419,384,122,181,401,252,2023,164,390,7020,311,64,486,6,1041,18,22,120,42,178,116,1520,212,350,10,208,30,284,123,573,166
1955.269231,125,4204,59,123,121,198,29,421,785,384,302,118,63,313,336,1603,579,397,5905,200,91,429,2,428,14,53,354,27,217,65,1374,422,303,14,244,71,453,132,681,159
1955.307692,45,2586,56,133,80,116,66,514,818,187,122,161,59,232,243,1010,538,417,3025,147,68,341,3,224,4,94,423,23,200,29,798,285,218,12,172,59,434,180,486,127
1955.346154,64,2082,66,104,46,68,106,716,1094,160,94,170,56,158,206,626,850,356,2126,154,80,334,4,98,10,170,418,16,182,14,586,436,208,26,72,50,236,310,338,146
1955.384615,45,1805,88,112,95,64,218,1245,1242,102,57,230,45,184,280,536,1277,361,1885,97,117,236,3,73,6,438,788,18,203,20,586,593,293,68,115,88,255,534,224,113
1955.423077,35,1171,96,91,169,63,400,1538,1092,103,49,173,26,181,144,357,1375,309,1724,103,73,150,5,36,1,841,839,37,231,15,530,645,209,83,40,79,163,766,82,99
1955.461538,44,777,56,99,154,19,414,1529,539,60,58,122,18,157,96,150,1101,277,1002,115,95,110,6,51,0,817,685,20,173,11,370,457,144,103,38,128,128,706,47,110
1955.5,72,456,59,38,143,11,426,1023,210,20,42,57,7,118,70,68,644,256,663,83,86,74,9,11,4,792,358,9,100,6,190,196,99,102,9,129,62,306,59,55
1955.538462,25,165,57,38,263,9,373,745,107,13,4,28,6,72,38,11,301,154,358,68,102,25,15,6,2,491,149,5,29,3,105,109,28,90,6,152,47,201,23,53
1955.576923,20,85,81,16,229,5,166,325,47,20,6,12,4,32,17,10,124,103,254,51,87,14,20,14,3,273,91,3,5,7,54,76,11,48,2,165,30,140,18,28
1955.615385,14,44,46,0,186,2,84,154,18,22,2,10,4,26,20,10,100,56,164,74,28,8,14,24,4,222,36,4,18,6,34,22,24,34,0,98,8,52,14,26
1955.653846,26,24,42,4,78,5,41,55,32,15,5,3,4,20,9,16,16,57,134,59,35,9,15,14,3,91,19,1,3,3,12,13,11,14,4,47,16,25,4,5
1955.692308,8,17,13,4,25,2,14,20,7,3,0,3,2,4,6,8,2,38,60,32,23,4,3,1,0,17,14,3,2,3,15,5,3,9,2,29,7,10,0,6
1955.730769,27,18,8,3,3,1,8,11,9,2,0,2,2,6,4,6,6,44,57,30,33,4,0,1,2,6,2,4,0,2,2,17,0,16,2,22,5,4,2,4
1955.769231,30,24,9,0,9,1,15,5,4,2,1,0,1,1,0,2,6,27,74,19,36,0,0,1,0,7,2,3,2,1,2,0,0,40,1,31,1,1,0,3
1955.807692,20,14,5,2,6,4,14,3,5,1,0,0,1,4,0,5,3,29,61,23,41,0,3,1,0,5,1,6,0,0,5,0,0,66,3,39,3,3,3,2
1955.846154,20,10,0,2,8,2,10,2,6,0,0,0,2,4,0,12,0,50,72,20,54,8,0,2,4,2,0,2,0,0,8,4,0,50,0,40,2,0,0,0
1955.884615,21,18,3,2,16,1,13,2,3,4,0,8,0,0,1,1,2,133,59,21,48,3,2,1,3,11,1,2,0,0,11,0,1,59,1,65,2,2,4,0
1955.923077,16,13,0,1,37,1,9,6,7,2,0,0,0,5,2,1,0,42,42,13,46,7,0,8,4,0,3,0,0,0,19,0,0,57,1,110,7,1,0,0
1955.961538,31,13,1,1,9,1,1,2,15,0,1,0,4,1,0,3,1,26,28,17,51,9,1,1,1,0,4,1,1,0,16,1,0,57,1,76,6,4,1,1
1956,38,36,2,2,6,2,2,4,30,5,1,1,4,3,2,3,2,28,50,40,84,14,9,2,6,4,6,1,0,1,16,8,1,62,1,136,6,22,0,2
1956.038462,30,14,0,6,2,1,10,2,24,2,2,1,0,4,4,4,0,37,42,19,74,20,16,8,3,7,16,0,3,0,5,11,2,46,1,63,2,22,1,3
1956.076923,83,6,0,2,1,0,24,2,18,1,1,0,5,1,0,6,5,66,77,32,70,16,26,6,5,22,33,2,6,5,8,21,0,33,3,29,5,42,0,1
1956.115385,40,4,0,0,0,2,38,0,6,4,0,0,0,14,0,2,30,94,122,38,66,24,58,8,16,10,18,0,20,6,22,6,0,10,4,24,6,20,2,2
1956.153846,41,10,0,2,1,5,57,7,3,2,0,1,3,33,0,4,10,88,125,38,109,10,119,13,15,17,32,0,24,2,7,10,1,15,2,32,9,14,0,14
1956.192308,75,5,2,0,4,3,50,3,4,3,0,3,4,12,2,5,5,63,110,30,105,33,307,10,12,13,41,0,29,2,2,15,0,9,0,18,5,12,1,13
1956.230769,94,8,2,2,24,2,52,3,4,2,0,3,2,18,1,4,7,43,145,20,107,5,253,6,7,5,72,1,23,2,4,12,2,4,4,64,10,15,0,7
1956.269231,75,13,3,0,28,1,19,5,1,4,3,5,1,25,1,3,5,108,197,18,65,8,154,12,1,20,62,2,9,2,15,12,4,5,3,62,13,6,0,2
1956.307692,38,9,4,6,11,2,22,15,5,5,2,2,0,30,0,4,5,176,174,18,95,11,84,7,1,14,77,0,2,1,4,7,0,4,1,69,18,0,1,6
1956.346154,50,6,4,4,2,6,14,18,2,10,4,12,0,36,0,6,2,236,332,12,94,0,104,10,0,4,104,0,8,0,2,12,2,20,2,52,6,0,4,2
1956.384615,43,16,4,0,4,6,50,34,4,1,0,1,0,60,0,5,4,318,455,13,92,6,122,15,2,7,94,0,1,0,4,18,3,5,12,65,7,1,1,1
1956.423077,44,13,7,3,3,2,73,30,4,5,0,7,0,139,0,11,7,395,633,23,89,6,199,3,2,2,62,0,0,2,3,23,8,8,2,55,3,3,1,0
1956.461538,42,18,4,1,7,1,77,47,1,4,1,7,1,133,1,8,5,395,562,44,72,13,187,7,1,0,40,2,0,1,2,27,7,11,0,69,3,8,1,0
1956.5,28,20,7,0,40,6,82,45,2,2,3,6,0,124,3,8,9,504,672,30,64,12,115,15,0,2,24,0,1,1,7,20,3,13,2,71,9,20,1,1
1956.538462,12,13,3,2,60,15,46,30,2,9,0,4,0,157,15,14,1,532,650,31,41,4,73,3,0,1,36,1,1,1,6,30,3,0,5,48,7,8,2,3
1956.576923,9,20,8,6,52,7,73,24,0,3,1,4,1,218,43,8,7,381,483,44,41,2,63,4,0,1,33,2,0,0,4,59,3,1,0,38,2,3,2,3
1956.615385,14,14,2,4,80,4,38,42,4,0,2,2,0,144,24,8,2,304,490,54,36,6,40,2,6,2,30,4,0,6,2,68,2,2,4,44,12,6,0,2
1956.653846,6,15,4,4,37,3,17,20,1,4,3,5,3,157,42,6,8,242,358,41,42,2,19,3,0,1,19,9,1,3,5,31,0,5,1,22,4,7,1,3
1956.692308,7,11,1,5,21,9,6,4,2,2,0,4,5,79,18,9,1,182,202,49,40,3,10,4,2,2,4,24,3,5,4,10,4,2,4,18,3,1,2,2
1956.730769,2,17,3,7,3,10,5,3,6,2,1,3,8,55,15,10,2,214,217,65,59,8,1,8,1,2,2,40,0,11,8,5,5,3,13,4,4,4,7,8
1956.769231,5,19,1,25,0,12,0,1,4,3,2,0,15,69,25,24,5,260,336,105,144,35,0,1,0,5,0,142,0,30,3,0,9,3,42,7,2,4,16,21
1956.807692,1,20,1,36,0,6,3,2,1,1,0,5,11,129,38,74,1,329,388,148,183,35,0,2,0,5,0,156,1,70,13,11,10,5,37,9,0,20,18,9
1956.846154,6,44,2,48,0,14,2,0,2,0,2,14,22,166,48,56,2,292,464,134,90,26,0,4,2,0,0,174,0,56,8,0,10,0,48,24,0,18,18,4
1956.884615,2,49,2,41,0,7,1,2,1,3,2,14,14,296,75,95,1,378,534,136,138,41,1,5,0,2,1,200,0,135,5,1,8,8,30,34,0,6,71,18
1956.923077,3,90,4,131,1,12,2,3,0,4,4,38,43,426,92,186,0,372,656,287,98,56,4,3,4,0,3,227,2,182,16,1,18,6,11,16,0,4,197,28
1956.961538,2,76,8,237,4,70,1,3,1,34,2,57,58,529,156,245,0,405,794,449,71,138,7,1,13,6,3,216,1,344,15,1,21,7,47,33,1,6,290,46
1957,14,126,31,312,2,119,8,10,2,160,3,164,57,664,166,400,6,626,1274,680,41,365,23,4,44,14,2,186,2,354,20,6,78,25,48,66,4,18,235,60
1957.038462,26,124,111,250,2,174,9,21,9,97,12,192,12,478,94,309,2,538,1362,695,27,633,16,18,118,25,6,151,4,222,31,1,209,21,99,57,11,22,97,62
1957.076923,55,194,225,371,0,221,8,46,90,176,20,313,14,459,59,578,1,875,2324,1082,46,920,7,17,378,33,6,177,19,157,45,0,373,35,202,86,3,43,109,184
1957.115385,68,280,206,412,6,326,14,48,232,138,12,464,8,578,62,526,8,938,3016,1212,34,1112,0,42,548,38,18,250,46,198,112,4,626,60,392,108,2,40,120,302
1957.153846,90,516,432,433,5,373,15,80,251,284,20,535,9,389,59,980,11,976,3821,1461,55,1060,10,73,400,112,2,184,71,191,167,22,703,120,285,142,25,29,118,421
1957.192308,215,864,601,424,5,615,7,128,386,466,29,392,5,292,61,1114,10,1152,4057,1482,66,810,15,97,402,179,17,96,191,142,253,103,498,148,177,201,52,21,83,303
1957.230769,224,1468,504,254,44,840,40,204,582,768,37,196,52,157,105,1309,46,1124,3844,1222,44,450,47,139,362,297,26,71,242,146,332,112,246,217,166,182,240,36,112,308
1957.269231,224,2038,260,145,32,742,143,430,543,756,41,81,205,78,44,1208,67,706,3783,1031,38,142,55,276,242,398,31,42,256,86,447,106,105,359,87,228,568,21,81,240
1957.307692,211,2214,182,72,72,588,205,675,493,879,33,64,223,60,35,983,83,474,3420,905,28,123,38,637,105,296,52,22,183,80,509,197,67,351,80,452,946,45,61,179
1957.346154,194,1632,88,60,52,264,156,584,396,716,32,28,204,44,18,408,82,422,2338,442,44,62,8,512,30,184,74,6,180,72,486,136,24,196,38,490,982,28,62,84
1957.384615,41,1655,59,44,122,362,121,640,287,549,64,11,248,44,15,521,74,438,1940,433,58,39,55,521,37,248,82,9,74,35,762,123,31,238,36,311,934,21,60,42
1957.423077,72,1883,33,15,196,274,207,824,449,601,120,1,309,31,20,484,111,413,1857,356,58,30,106,614,17,374,121,9,118,52,1213,200,53,214,21,360,855,12,56,36
1957.461538,40,1907,30,14,354,172,287,894,373,471,168,8,432,8,22,344,221,335,1608,329,70,27,103,642,8,447,133,6,124,30,1541,256,68,143,8,436,536,13,50,19
1957.5,36,1062,26,4,265,98,156,759,236,186,180,12,354,21,25,214,356,284,904,205,57,22,52,440,5,242,110,5,64,19,964,204,24,78,13,306,215,22,34,10
1957.538462,79,834,18,4,143,79,69,562,184,66,120,5,190,23,9,128,459,193,474,138,36,15,42,297,10,160,163,4,27,11,640,230,10,49,12,278,102,12,25,1
1957.576923,45,489,33,5,103,33,81,389,122,50,72,1,107,16,3,91,488,162,378,64,21,18,40,184,9,110,142,8,6,4,305,261,10,36,9,184,51,9,9,5
1957.615385,138,264,12,6,76,16,90,198,38,18,40,4,26,8,2,42,472,142,296,70,30,6,20,152,14,82,142,2,4,6,218,118,12,20,6,64,22,12,28,8
1957.653846,14,139,14,6,31,17,38,113,37,12,19,3,29,7,3,26,244,103,150,11,49,13,14,65,5,45,72,5,3,7,97,139,1,10,7,46,9,9,18,5
1957.692308,17,102,8,3,13,11,2,42,15,34,7,4,8,11,0,12,70,62,81,20,41,9,5,28,1,23,29,0,3,6,29,41,1,1,1,14,2,7,9,2
1957.730769,4,38,8,1,4,10,7,72,5,16,12,1,1,3,1,8,26,32,48,15,26,3,7,13,0,23,11,0,2,1,6,6,2,1,1,10,2,3,4,1
1957.769231,2,13,7,0,0,7,0,46,2,2,7,2,0,4,0,1,27,15,51,16,32,0,30,6,0,39,26,1,0,1,15,10,1,1,1,0,0,3,4,0
1957.807692,3,11,35,6,2,11,0,66,2,6,4,0,0,0,2,7,40,26,46,38,63,1,86,20,1,17,52,0,1,2,6,5,0,0,0,0,0,4,4,0
1957.846154,2,24,38,8,2,12,0,60,2,0,4,0,0,0,0,0,70,20,60,44,104,0,108,10,0,78,94,0,0,0,4,10,0,0,0,4,0,32,0,0
1957.884615,5,23,17,3,0,14,0,48,0,1,17,0,0,0,1,2,80,38,67,51,146,1,67,13,1,71,72,1,0,1,0,7,0,0,0,0,1,43,1,1
1957.923077,2,22,15,1,1,37,0,39,1,0,17,0,0,3,1,0,150,46,81,30,238,2,54,4,0,68,86,1,0,0,0,16,0,1,0,0,0,95,0,0
1957.961538,2,25,7,3,0,22,1,52,0,4,8,0,0,1,2,2,189,50,75,31,277,0,33,9,0,81,147,1,1,0,2,19,0,0,0,0,0,224,0,0
1958,4,16,17,3,8,11,0,20,6,6,48,1,0,1,2,4,259,77,60,35,269,2,110,4,1,59,202,0,0,1,4,44,2,0,0,0,1,442,4,0
1958.038462,2,33,29,0,16,8,2,15,6,0,61,0,1,4,11,3,203,54,57,39,210,3,81,20,0,53,110,0,2,1,2,55,2,1,1,0,0,387,1,0
1958.076923,1,68,22,1,41,4,2,18,14,4,96,0,0,0,26,9,363,111,120,52,291,2,99,116,0,100,127,1,1,5,4,46,3,1,7,10,2,406,22,3
1958.115385,0,50,32,0,64,2,3,32,19,0,190,0,2,2,74,0,407,221,242,69,142,2,157,172,1,80,190,0,0,20,3,120,2,0,8,16,0,490,15,4
1958.153846,4,59,28,0,103,8,3,58,32,4,120,0,0,1,93,5,431,307,320,56,92,2,94,140,0,39,185,1,2,56,1,131,0,1,11,6,1,348,21,4
1958.192308,5,78,10,0,142,1,2,63,18,22,125,1,0,2,109,6,382,312,372,43,53,2,106,133,0,76,178,3,4,44,5,93,8,8,9,6,0,292,19,0
1958.230769,11,173,7,1,137,3,9,78,20,6,111,0,1,3,103,4,313,314,415,86,42,1,134,132,1,82,215,8,1,101,1,35,27,7,16,3,1,152,8,1
1958.269231,23,191,3,0,70,6,6,116,18,13,140,0,0,3,151,3,388,304,725,97,32,4,128,206,0,42,254,12,3,89,11,51,51,5,11,17,1,39,16,1
1958.307692,14,222,4,0,37,5,7,104,16,23,81,0,0,2,74,5,190,275,577,86,36,2,102,136,1,25,147,3,0,61,6,27,22,14,6,12,2,14,23,1
1958.346154,28,182,4,0,12,13,0,137,9,17,117,4,1,11,76,5,119,255,785,71,17,6,161,191,0,17,143,0,0,42,3,10,10,9,3,0,0,8,24,28
1958.384615,28,174,2,1,10,12,0,190,22,6,120,3,0,40,146,3,109,320,1145,79,40,0,77,254,4,20,106,0,1,42,4,24,11,8,3,5,1,5,42,41
1958.423077,44,233,5,1,15,25,11,260,8,12,128,4,2,73,168,7,76,354,1049,101,21,8,57,261,17,32,37,2,5,40,16,50,35,6,1,8,1,6,41,42
1958.461538,39,250,3,1,14,27,4,280,5,2,103,2,4,79,124,8,105,455,990,136,37,8,11,233,41,30,30,1,6,35,22,69,53,16,18,7,2,1,74,36
1958.5,23,348,2,5,16,62,1,188,11,3,127,1,2,141,43,8,96,563,1020,196,30,6,6,174,68,28,42,2,6,37,23,112,61,47,5,10,1,3,117,72
1958.538462,56,487,8,2,11,57,1,228,23,5,102,3,4,177,19,14,43,510,1076,175,15,4,0,125,36,31,47,4,13,31,31,83,50,47,15,0,3,4,111,54
1958.576923,57,431,5,8,7,60,1,203,20,5,53,1,4,206,32,12,19,437,779,211,15,4,1,71,39,41,21,3,28,23,20,82,74,45,8,10,0,1,75,54
1958.615385,46,263,8,7,16,31,3,178,17,11,44,1,1,134,15,11,9,295,504,149,10,9,5,33,50,18,9,11,14,11,37,83,35,27,26,7,2,1,58,38
1958.653846,19,128,9,3,4,25,5,71,19,9,20,0,3,85,18,24,7,147,317,115,12,14,6,27,27,18,7,14,8,12,23,28,25,22,16,4,3,2,26,15
1958.692308,9,74,9,3,6,14,1,34,25,16,9,1,5,89,10,16,2,111,194,92,12,8,6,18,9,9,1,8,3,7,7,9,18,6,13,0,1,1,20,7
1958.730769,7,60,7,10,0,7,3,50,26,27,4,1,1,88,1,30,1,97,242,148,7,5,2,12,22,3,1,14,1,10,10,5,6,3,22,1,0,0,18,3
1958.769231,17,69,19,8,1,5,5,48,77,46,2,4,1,278,0,44,3,123,362,152,8,7,1,11,59,3,1,38,1,14,24,1,5,1,64,7,1,0,29,3
1958.807692,33,93,4,13,0,10,11,67,54,65,5,11,4,421,3,95,0,187,543,121,5,3,2,28,82,1,0,50,1,30,35,19,0,0,40,23,2,1,87,2
1958.846154,35,92,0,15,2,14,12,54,73,66,12,14,1,635,4,71,3,239,633,150,9,5,0,39,82,2,4,97,1,49,56,23,2,2,86,20,0,2,49,26
1958.884615,64,105,2,9,1,43,12,54,155,49,23,69,2,686,4,62,1,237,785,188,5,4,1,75,74,2,20,107,0,53,85,77,5,3,149,15,3,0,24,97
1958.923077,114,154,9,0,0,70,29,69,161,160,38,118,0,587,14,105,3,279,1194,233,3,41,0,98,111,12,39,115,2,60,101,98,1,3,238,3,11,2,15,81
1958.961538,135,125,23,6,1,50,63,116,108,128,34,156,1,304,3,153,3,350,1283,147,2,48,0,115,87,17,40,184,1,42,157,88,29,4,231,1,9,0,31,109
1959,276,302,30,8,4,121,146,81,215,407,117,264,2,402,4,354,5,622,2357,278,31,162,1,119,166,28,56,290,3,80,400,172,52,12,211,69,16,6,88,131
1959.038462,234,472,26,56,46,176,171,83,232,361,68,232,50,314,1,464,6,415,2285,397,58,152,2,136,168,36,71,289,8,49,409,145,112,62,136,60,34,3,112,57
1959.076923,289,907,54,92,58,349,220,146,297,697,131,271,126,276,6,822,7,430,2838,518,95,407,0,125,235,75,109,295,10,50,637,328,276,161,101,132,99,8,140,114
1959.115385,342,1072,76,92,52,496,310,328,428,724,186,210,134,132,6,1014,16,504,3122,430,88,708,0,136,172,76,226,270,24,62,868,358,294,220,140,216,216,6,124,116
1959.153846,182,1229,73,84,57,554,235,288,406,698,137,166,126,102,2,938,17,417,2779,539,95,503,2,117,138,127,172,267,36,75,706,271,345,277,90,371,256,5,127,84
1959.192308,122,1118,111,87,82,513,198,299,403,523,130,137,204,42,5,1043,20,272,2747,548,119,657,2,91,77,205,197,83,130,33,685,224,364,309,83,378,312,4,126,68
1959.230769,45,1310,102,148,107,554,170,400,448,319,94,68,231,26,2,1074,20,324,2750,585,127,756,24,125,66,342,186,52,220,45,564,182,582,236,47,330,469,4,134,186
1959.269231,27,918,75,142,67,214,125,340,238,282,44,42,235,10,4,718,18,258,1667,580,142,512,66,117,36,299,104,19,198,30,355,83,284,216,46,248,605,1,83,96
1959.307692,15,717,115,187,78,226,60,631,160,99,41,42,185,14,8,512,10,546,1313,500,150,452,79,83,39,377,110,15,134,21,319,77,98,153,43,213,660,2,68,107
1959.346154,10,860,132,192,150,320,70,654,266,100,48,66,156,20,12,546,10,314,1438,510,128,376,228,60,12,492,144,6,166,12,448,58,88,122,12,430,520,8,86,228
1959.384615,15,604,175,146,159,232,68,586,211,100,69,38,82,7,6,404,9,288,1360,519,176,302,234,94,28,574,145,11,309,17,513,45,38,159,10,374,431,2,101,118
1959.423077,7,592,122,167,102,176,75,442,127,90,70,28,100,7,8,307,15,281,1157,471,175,204,165,92,29,480,110,5,220,14,514,28,22,146,25,135,248,3,44,113
1959.461538,6,532,97,141,165,110,41,382,87,82,73,31,61,6,49,198,8,302,809,332,104,237,137,74,14,388,22,6,207,30,516,31,22,62,23,110,136,14,64,58
1959.5,3,333,41,102,82,101,34,338,35,65,69,26,44,8,55,118,33,289,566,254,81,194,66,74,12,239,14,2,156,53,414,22,22,33,8,93,119,40,38,95
1959.538462,0,238,26,37,77,87,30,208,27,10,35,13,12,5,100,68,60,201,313,170,91,52,39,68,9,92,4,0,60,42,252,14,16,31,12,113,74,51,34,39
1959.576923,2,128,30,24,37,63,11,113,9,13,49,5,13,9,29,35,22,141,230,106,32,35,16,84,11,49,6,3,22,40,111,13,12,24,16,48,38,60,40,13
1959.615385,2,102,22,20,18,30,0,82,8,28,18,8,4,6,10,24,18,82,180,78,30,28,10,80,2,32,6,2,16,50,60,8,10,6,2,76,12,58,22,8
1959.653846,0,56,8,8,9,31,15,37,4,10,18,6,6,7,12,20,12,82,111,30,20,11,5,31,4,8,10,1,6,6,39,9,1,6,3,38,7,26,20,3
1959.692308,1,37,6,6,4,24,0,13,4,7,6,4,3,4,1,14,3,42,61,17,4,17,6,12,2,2,7,1,0,2,14,3,1,4,5,26,7,8,4,1
1959.730769,1,23,39,3,2,16,2,16,0,3,11,1,3,3,0,16,4,56,55,45,5,10,1,20,1,2,2,1,6,10,18,3,0,1,14,12,5,2,3,6
1959.769231,0,24,25,8,3,6,1,10,3,0,21,0,0,10,0,18,6,95,51,30,13,2,0,23,0,4,2,0,2,11,23,5,2,1,8,6,3,1,1,6
1959.807692,0,47,42,12,1,9,0,2,0,2,31,1,1,14,0,26,6,163,37,33,13,4,0,6,0,0,1,0,1,39,24,1,2,0,0,1,0,3,1,11
1959.846154,0,42,20,16,0,10,0,4,2,0,24,0,0,14,0,38,14,164,38,28,2,2,0,30,0,2,0,0,2,16,4,0,0,0,0,0,0,6,0,10
1959.884615,1,33,22,15,0,15,1,5,1,0,25,2,0,13,0,19,20,151,35,16,7,3,1,41,0,0,2,0,0,24,28,2,0,0,6,2,0,2,0,4
1959.923077,0,15,14,8,4,10,1,4,1,2,26,0,0,11,2,16,16,167,42,23,14,2,1,39,1,1,0,1,0,37,15,0,2,2,0,0,1,1,1,2
1959.961538,0,13,30,7,2,14,2,3,2,1,19,0,0,11,1,12,33,108,41,24,21,4,0,14,0,2,0,0,0,50,28,0,4,2,0,2,1,3,0,1
1960,2,32,44,18,9,2,2,5,4,4,19,0,0,6,1,18,40,130,36,36,57,10,0,38,2,5,3,0,1,72,13,3,1,0,2,1,2,1,1,0
1960.038462,33,7,38,1,1,8,1,2,9,1,14,3,2,2,1,21,55,107,45,32,86,4,0,29,1,1,4,0,1,84,6,0,0,0,0,0,1,0,1,1
1960.076923,30,10,119,3,0,22,0,6,0,1,15,0,6,0,1,22,72,121,78,44,127,2,1,36,1,1,11,1,0,115,2,1,2,1,1,0,1,1,3,3
1960.115385,24,10,116,6,38,32,0,0,0,0,14,2,0,2,4,4,70,282,94,72,120,0,4,50,0,2,40,0,2,72,32,0,0,6,0,4,0,0,2,0
1960.153846,9,7,140,6,17,20,1,4,1,2,10,1,6,5,1,28,118,214,155,116,161,2,1,66,1,1,31,0,0,88,7,0,5,13,1,0,0,0,1,0
1960.192308,1,11,84,9,32,30,0,5,5,2,8,0,2,2,1,88,88,281,190,112,169,2,1,18,3,2,20,2,0,102,12,1,0,9,6,4,1,1,4,0
1960.230769,11,11,64,1,32,39,1,10,5,1,4,0,1,4,6,69,150,362,160,145,104,2,0,64,4,2,58,2,2,78,7,1,0,5,10,2,2,2,4,0
1960.269231,35,7,61,3,25,47,2,12,2,0,7,1,1,1,3,105,223,341,177,166,101,2,4,103,10,2,37,1,2,51,1,3,1,10,10,8,0,1,2,0
1960.307692,63,7,31,4,7,46,3,6,4,1,5,1,0,2,0,126,178,345,218,138,80,2,2,105,11,2,34,4,0,47,3,3,7,13,8,7,0,0,1,1
1960.346154,72,20,8,22,4,32,0,12,4,4,8,6,0,0,4,98,80,318,186,160,64,8,0,84,6,0,2,4,0,82,8,0,0,18,8,12,4,0,0,4
1960.384615,74,9,22,24,12,27,0,3,3,5,7,6,1,1,7,139,180,398,187,190,93,4,0,190,10,1,14,6,1,61,9,1,0,9,7,8,2,0,3,2
1960.423077,104,12,12,11,10,16,1,10,5,5,6,0,1,3,7,97,234,512,283,197,72,6,0,239,21,2,44,6,1,58,8,1,2,8,12,9,1,2,1,2
1960.461538,141,13,21,15,9,11,1,22,5,5,3,0,0,0,26,100,246,617,256,233,117,8,1,293,22,0,19,15,1,65,18,0,5,4,12,14,16,1,0,0
1960.5,141,20,3,16,3,5,1,19,8,4,16,2,2,4,32,95,175,562,228,244,92,11,0,278,12,2,17,45,1,48,24,2,1,8,10,16,0,3,0,2
1960.538462,74,33,8,11,4,7,5,27,12,1,26,1,2,15,19,103,165,464,302,233,62,4,0,173,26,5,8,54,1,26,59,2,9,6,24,44,3,29,2,1
1960.576923,43,15,4,38,3,11,2,35,8,1,18,1,4,44,33,64,101,388,280,193,26,8,2,132,38,4,3,53,2,24,45,2,20,6,42,15,12,40,2,1
1960.615385,32,22,2,16,0,4,2,22,10,2,4,2,2,32,58,36,108,256,228,148,24,4,2,78,22,2,2,54,0,16,38,2,12,2,56,22,18,44,2,2
1960.653846,18,21,2,17,2,16,1,9,6,2,19,2,1,30,36,37,37,211,141,149,16,8,5,44,42,5,8,22,0,9,47,5,4,9,6,6,15,31,3,4
1960.692308,7,16,8,6,2,9,1,6,8,4,11,2,2,25,19,34,12,126,100,104,5,4,4,44,37,10,3,12,0,1,35,0,2,0,6,1,16,19,1,3
1960.730769,7,32,2,6,2,75,2,22,2,16,16,5,2,6,59,88,12,168,164,110,4,6,18,43,128,2,2,16,0,7,22,4,2,31,5,4,7,86,0,8
1960.769231,3,46,1,22,0,215,2,22,6,45,24,0,0,12,120,125,34,288,356,140,4,0,69,19,163,2,2,68,1,13,18,6,2,63,1,1,10,85,0,31
1960.807692,3,78,3,45,2,251,1,48,2,62,32,5,2,24,165,124,53,410,549,238,7,2,97,54,298,2,2,94,0,5,18,12,3,47,10,5,12,117,4,32
1960.846154,2,92,8,70,0,142,0,30,0,56,18,4,0,26,132,94,104,400,602,180,4,0,82,104,352,0,2,56,2,6,26,14,10,16,26,0,6,152,2,20
1960.884615,6,103,4,59,1,261,0,27,2,74,30,2,0,41,179,124,118,450,702,211,16,2,44,142,308,4,1,86,0,10,25,10,20,33,15,7,10,187,1,18
1960.923077,20,165,4,157,1,364,0,33,8,83,56,3,2,57,323,243,109,471,899,269,16,10,103,162,279,2,1,95,0,8,62,22,66,46,6,6,24,297,3,51
1960.961538,16,281,4,284,3,295,0,81,9,114,86,2,3,96,276,278,87,483,1347,285,7,20,116,196,172,2,4,61,1,18,77,39,70,24,14,12,43,481,6,87
1961,119,668,6,424,4,331,3,171,76,280,170,12,36,210,336,414,70,505,2407,539,38,92,208,352,148,2,4,97,2,48,145,136,54,30,14,22,172,501,20,158
1961.038462,160,682,8,370,21,257,10,134,146,320,167,21,16,368,155,262,82,389,2639,422,55,84,144,238,75,19,30,62,10,62,293,226,41,60,33,20,250,411,25,225
1961.076923,154,1349,32,454,146,305,31,199,294,500,326,35,40,745,94,334,140,321,4805,450,55,344,276,395,64,31,58,155,21,53,477,464,149,88,85,26,685,468,100,364
1961.115385,224,1930,60,430,134,370,86,276,394,842,372,72,106,972,148,508,200,422,6408,612,96,366,414,566,64,150,180,162,66,38,574,814,242,90,170,50,822,302,250,284
1961.153846,200,2553,79,419,183,346,99,353,701,1257,332,119,249,1149,119,474,186,351,6742,636,110,507,340,452,41,199,209,135,92,56,738,886,231,69,288,91,911,224,214,272
1961.192308,125,2925,96,295,301,338,105,422,962,1250,241,241,278,1115,118,481,230,303,6018,597,167,507,254,531,19,272,304,93,156,84,714,709,237,80,341,148,799,132,421,256
1961.230769,135,2313,90,126,275,212,193,721,1067,836,184,367,522,940,109,574,222,292,5258,558,160,450,170,384,27,338,619,45,200,128,820,506,312,148,305,270,468,76,439,236
1961.269231,87,2375,92,53,170,220,195,1070,863,707,156,497,503,571,59,627,222,345,4272,464,167,653,97,450,25,367,847,36,172,125,763,591,144,134,200,419,257,34,530,195
1961.307692,90,1174,38,41,97,124,189,998,539,240,128,361,265,251,47,459,130,187,2322,301,140,321,41,141,17,246,555,13,109,119,555,112,178,46,138,386,123,15,331,95
1961.346154,58,1064,54,24,152,126,190,1036,246,126,56,342,184,170,20,570,88,256,1874,242,208,528,146,56,26,224,558,8,200,104,692,0,88,64,86,682,94,8,324,44
1961.384615,67,786,68,26,107,95,330,1052,265,125,70,266,197,104,24,537,121,225,1600,259,144,363,120,113,10,468,426,13,133,111,314,40,105,82,92,679,90,19,299,57
1961.423077,79,755,74,43,101,84,376,722,224,83,52,187,98,87,10,560,127,298,1279,231,196,412,111,187,6,562,291,10,139,91,605,40,146,82,41,905,79,7,227,51
1961.461538,80,497,52,49,127,73,378,573,91,52,33,131,63,29,25,361,136,361,860,173,164,279,103,78,5,530,187,11,137,89,512,10,239,103,38,714,42,3,155,31
1961.5,39,268,29,26,98,58,257,434,32,50,31,47,32,24,28,308,177,347,574,203,111,190,50,91,10,359,103,7,71,68,294,13,154,81,4,457,13,2,62,12
1961.538462,40,220,31,27,63,46,90,232,37,40,25,11,31,40,38,275,150,294,375,152,54,62,14,40,14,223,29,7,46,43,163,5,135,44,4,235,6,6,25,9
1961.576923,31,110,33,34,56,48,76,193,20,15,13,5,11,10,18,172,106,212,265,120,52,31,7,17,6,190,21,3,40,27,94,1,91,30,5,109,4,5,10,12
1961.615385,20,102,20,12,48,6,16,104,8,6,12,6,6,28,20,132,50,144,184,132,62,24,4,12,2,82,24,0,20,16,42,2,52,22,18,62,4,0,2,16
1961.653846,19,66,8,7,18,15,11,80,5,16,18,0,3,12,13,89,37,100,179,69,44,16,5,73,3,44,26,0,19,11,34,1,23,18,5,24,4,15,4,6
1961.692308,6,35,1,6,9,13,10,14,4,5,5,0,4,7,3,46,13,60,96,60,12,11,5,15,0,9,19,3,7,6,19,10,41,6,2,6,2,18,1,2
1961.730769,10,20,4,6,4,9,9,6,5,6,4,0,0,5,3,74,4,42,77,65,8,4,1,0,0,3,10,1,3,8,8,3,6,8,2,2,3,5,2,2
1961.769231,3,29,10,5,1,12,2,10,4,12,0,0,7,2,1,201,0,28,89,54,14,14,0,0,0,6,2,0,3,9,13,5,0,12,1,4,3,13,1,1
1961.807692,5,13,15,2,0,5,14,4,7,17,2,0,6,30,0,148,3,32,87,37,7,1,0,0,0,15,1,0,11,19,15,6,17,7,2,8,2,5,1,1
1961.846154,0,2,10,6,2,2,16,2,0,12,0,0,34,0,4,136,0,18,80,72,8,0,0,0,0,12,2,0,12,24,2,4,2,8,2,12,2,2,4,0
1961.884615,0,18,11,1,1,3,22,2,1,11,0,0,48,0,3,171,1,16,73,88,4,3,0,0,0,4,1,1,17,10,12,5,19,8,1,6,3,1,3,0
1961.923077,0,10,0,0,0,2,31,2,2,7,2,1,13,4,5,179,6,15,69,67,6,4,0,0,8,9,1,1,19,13,24,0,14,7,0,12,3,3,1,0
1961.961538,1,26,0,0,1,5,22,0,0,1,1,0,6,7,10,199,4,21,39,66,1,0,0,4,13,7,1,0,25,17,13,2,11,4,0,1,2,1,1,1
1962,0,14,0,0,1,26,32,2,0,4,1,0,0,6,27,94,26,17,54,52,5,0,1,5,23,16,2,0,14,8,15,1,5,4,3,2,0,0,2,0
1962.038462,0,11,1,0,1,23,4,1,0,3,1,2,0,2,16,44,23,43,61,30,1,3,0,6,22,17,1,0,7,5,14,1,4,5,1,3,0,3,0,3
1962.076923,1,20,0,0,0,17,3,2,3,7,1,4,0,1,12,63,32,33,93,38,2,0,1,3,12,13,3,3,4,0,4,1,7,13,0,0,0,6,0,0
1962.115385,4,18,0,0,0,12,8,4,0,6,0,0,2,4,38,68,18,36,88,52,0,2,0,4,4,18,0,12,28,6,6,4,12,14,4,2,0,2,0,0
1962.153846,1,35,0,1,0,18,1,0,2,1,1,1,2,7,10,178,31,54,136,59,0,3,0,0,11,16,2,8,41,0,1,1,4,10,2,3,0,9,0,2
1962.192308,2,37,1,1,0,14,0,2,0,2,3,4,0,4,26,235,26,51,174,98,2,5,0,1,5,27,1,10,15,2,5,0,2,7,1,8,1,0,0,1
1962.230769,6,42,2,0,0,14,10,4,0,2,5,2,2,10,12,205,32,114,245,78,2,1,1,4,3,10,1,10,22,3,5,2,10,10,0,20,2,1,2,2
1962.269231,3,57,1,0,1,31,12,3,0,1,1,4,0,13,19,167,34,86,273,66,1,2,0,1,19,5,1,16,22,5,5,1,3,9,0,16,0,0,3,1
1962.307692,8,70,1,2,0,37,6,2,2,0,0,3,2,11,53,166,46,90,227,63,3,6,0,4,21,10,2,6,5,2,9,3,2,6,2,4,6,1,1,1
1962.346154,4,46,2,2,6,24,6,2,0,0,2,4,0,10,22,120,32,44,262,56,2,2,4,8,32,0,0,10,14,2,4,6,0,6,6,0,2,4,0,0
1962.384615,5,58,0,2,0,24,8,4,2,0,1,0,0,8,48,119,62,71,151,63,0,3,1,17,30,4,0,10,8,5,9,2,5,4,5,4,2,3,11,0
1962.423077,4,35,0,0,0,42,14,2,0,0,10,0,0,7,30,134,91,86,120,63,0,3,3,35,46,2,0,10,28,11,4,3,4,1,0,6,1,2,17,0
1962.461538,6,34,1,1,3,37,7,0,2,0,18,3,1,16,30,101,137,117,141,71,0,4,32,62,50,0,3,18,36,5,14,0,1,2,9,5,5,3,22,1
1962.5,3,43,4,0,3,80,9,2,4,2,18,0,0,16,18,96,141,202,139,98,20,2,22,98,20,2,4,12,26,11,10,3,14,6,4,6,7,2,27,1
1962.538462,4,71,1,7,2,147,12,1,4,7,4,2,1,7,23,76,197,401,265,132,44,7,43,187,10,2,0,18,12,4,13,5,53,4,19,4,2,2,25,0
1962.576923,4,48,4,20,6,152,10,0,1,12,6,2,3,7,9,92,165,474,242,151,92,1,48,154,5,3,3,32,25,15,10,6,55,9,28,4,4,4,21,1
1962.615385,6,40,2,36,4,194,8,0,0,12,12,6,2,18,8,80,188,588,234,108,84,20,24,150,4,2,2,30,18,10,14,10,64,12,46,6,2,4,4,0
1962.653846,3,30,5,21,3,100,1,1,1,11,11,1,13,12,2,40,95,383,185,79,66,8,11,80,6,3,1,45,10,14,17,2,19,15,27,5,1,1,7,2
1962.692308,7,15,8,7,3,65,1,4,3,7,6,1,5,12,3,40,47,281,154,46,64,6,10,54,3,2,6,90,6,8,22,7,4,3,30,2,3,1,4,2
1962.730769,6,35,22,19,0,120,1,6,6,14,2,4,12,6,2,34,22,310,224,57,195,10,3,44,3,2,2,152,2,18,39,4,6,4,32,11,2,2,2,3
1962.769231,21,119,74,55,2,278,8,4,11,25,8,2,37,6,0,38,14,658,380,77,402,11,11,60,5,15,1,262,1,20,147,4,12,4,97,30,5,8,3,2
1962.807692,33,179,147,31,2,409,2,3,17,35,7,21,36,4,1,21,9,1159,588,107,403,9,9,82,18,41,1,299,0,85,214,17,56,13,98,47,7,21,0,0
1962.846154,38,252,134,38,6,322,2,6,106,36,0,14,54,24,0,32,28,1314,850,126,386,8,12,80,28,68,0,156,2,62,236,10,140,16,166,60,4,52,4,0
1962.884615,40,365,120,63,0,351,7,5,139,25,11,42,46,32,3,30,50,1370,812,146,440,27,5,124,34,77,8,177,4,102,255,13,198,25,131,64,7,38,10,0
1962.923077,87,478,180,85,1,365,38,15,205,47,27,65,75,44,1,35,39,1543,1250,243,448,44,19,208,61,79,3,188,9,124,426,11,281,60,106,95,32,32,12,0
1962.961538,218,787,267,118,5,311,39,44,386,189,64,46,181,35,4,65,32,1196,1716,318,164,87,22,167,82,123,5,88,6,171,619,23,374,101,130,62,70,59,31,5
1963,222,1160,251,180,15,238,76,116,361,254,76,144,167,137,31,132,108,1057,2071,579,113,380,20,437,151,155,28,74,18,262,803,48,362,410,152,85,150,119,54,10
1963.038462,224,1161,112,176,25,119,27,190,192,369,48,157,302,139,34,206,81,539,1697,507,70,361,11,392,145,127,24,36,20,179,651,47,146,325,104,44,157,113,41,16
1963.076923,441,1684,127,280,25,121,52,419,180,715,56,182,227,266,42,404,94,368,2091,686,59,868,44,666,135,199,11,23,76,153,827,121,210,240,186,55,327,180,47,67
1963.115385,428,1558,72,338,8,144,42,338,166,1042,84,238,244,426,42,540,72,316,2100,852,48,528,112,508,92,282,22,22,110,100,878,266,394,168,156,56,382,272,44,88
1963.153846,339,1811,37,234,41,96,99,466,136,1042,106,207,166,533,65,611,111,244,2371,738,44,598,80,359,84,424,45,6,52,117,891,278,231,186,239,76,420,434,41,123
1963.192308,172,1518,39,221,67,113,133,476,146,892,65,185,84,448,50,520,119,150,2073,519,9,324,61,354,110,454,171,7,40,76,693,424,149,117,68,74,382,421,31,214
1963.230769,109,1391,38,141,54,75,87,448,178,564,115,113,60,421,66,438,149,114,2335,381,10,197,72,286,106,321,233,6,52,43,472,494,79,38,56,124,414,338,46,222
1963.269231,35,750,14,210,43,67,96,568,193,436,209,88,115,537,79,292,180,123,2625,306,9,72,31,170,118,287,458,5,85,15,300,380,86,26,36,96,267,139,85,338
1963.307692,39,632,21,113,62,63,138,640,243,319,332,97,41,522,99,390,164,136,2434,350,9,64,57,140,129,170,551,5,170,23,278,282,70,34,21,118,340,139,96,286
1963.346154,20,504,12,72,36,34,88,402,270,174,268,98,22,370,102,340,156,98,1512,198,16,54,64,160,66,124,532,2,132,32,170,188,48,34,8,106,472,110,98,150
1963.384615,13,405,21,59,79,49,63,733,202,118,326,77,35,320,159,360,107,111,1385,206,12,34,155,74,77,114,679,3,114,21,180,183,38,21,3,95,283,45,116,167
1963.423077,9,431,21,28,171,25,98,687,155,78,323,137,29,321,208,408,95,92,1438,208,30,17,251,101,50,116,769,12,191,20,161,129,41,25,4,173,212,49,124,159
1963.461538,12,321,25,13,182,32,183,524,182,43,297,156,43,406,230,433,100,119,1450,296,30,34,239,75,24,59,464,20,175,33,173,128,35,22,0,168,164,49,219,158
1963.5,12,222,16,3,190,42,129,352,175,40,146,112,20,334,84,292,132,106,1013,166,42,54,164,64,25,91,192,17,113,20,174,45,26,13,12,196,86,32,129,57
1963.538462,5,162,22,6,116,44,94,220,178,19,64,58,2,216,54,267,100,103,960,131,48,32,112,88,17,52,83,11,52,25,152,26,11,12,14,292,46,26,162,37
1963.576923,5,91,20,14,129,38,76,182,71,30,29,17,2,92,64,278,57,87,569,128,26,36,104,75,10,61,56,30,57,17,110,24,10,10,11,222,24,20,182,32
1963.615385,0,134,28,8,70,18,160,82,76,26,20,30,4,160,72,170,36,74,366,64,8,16,58,56,6,50,86,14,20,8,54,24,26,12,6,180,18,6,140,46
1963.653846,2,92,12,12,61,15,133,86,53,22,9,10,0,95,33,144,24,67,252,66,17,19,26,30,14,30,33,16,6,7,45,19,9,13,5,80,21,7,89,25
1963.692308,6,63,7,7,17,11,12,35,44,46,4,8,0,47,16,75,5,64,117,31,13,44,9,17,4,23,10,4,9,6,20,5,2,2,3,41,12,0,50,9
1963.730769,3,32,10,4,20,6,10,24,48,10,6,5,1,16,2,47,10,62,67,35,63,20,3,7,0,12,4,6,5,1,55,6,2,2,3,28,12,4,16,2
1963.769231,2,29,48,9,11,2,22,27,57,8,5,5,0,32,1,31,5,104,65,61,123,39,7,5,0,14,2,0,6,0,63,2,1,1,4,29,10,0,16,1
1963.807692,9,38,48,31,11,1,47,15,51,1,13,5,1,31,2,51,7,121,81,44,146,111,14,7,0,29,4,0,2,2,66,0,3,0,0,45,3,1,21,2
1963.846154,2,40,24,40,28,2,86,38,48,4,6,2,0,4,0,86,24,120,112,40,176,92,6,12,4,56,0,4,0,2,100,0,0,4,6,68,2,2,8,2
1963.884615,7,89,8,9,34,4,44,47,21,2,2,4,1,19,0,98,23,151,84,32,117,71,10,5,0,63,1,0,0,4,56,3,3,0,1,76,3,1,13,11
1963.923077,7,51,12,20,25,5,16,58,39,3,2,1,2,16,0,69,42,191,103,25,111,73,4,13,0,53,2,0,0,2,63,1,1,2,0,82,5,0,3,4
1963.961538,9,68,9,13,15,9,64,39,81,5,6,4,1,39,3,126,38,236,68,16,77,61,17,2,0,66,4,0,2,0,37,1,4,2,1,72,16,5,8,3
1964,23,116,19,32,5,20,32,44,92,26,30,4,2,12,10,112,29,271,62,28,84,69,64,3,0,57,4,2,2,2,59,2,28,10,4,78,22,3,10,12
1964.038462,19,104,27,44,2,25,14,27,38,130,36,3,3,19,23,87,37,234,77,71,65,45,57,4,4,33,5,4,1,0,37,3,36,17,24,63,10,9,9,14
1964.076923,32,123,10,33,2,40,62,87,61,211,56,25,1,10,22,241,70,267,135,100,57,24,79,3,31,37,5,1,0,10,61,9,45,18,60,53,17,6,9,32
1964.115385,73,146,12,28,9,98,104,117,115,274,72,29,0,18,21,263,60,373,135,74,54,48,88,5,47,43,3,1,0,38,73,5,46,24,69,76,36,8,1,51
1964.153846,71,213,25,22,3,101,66,92,144,327,53,22,0,28,55,426,88,461,160,64,35,32,103,13,28,37,1,0,2,25,48,6,25,26,30,62,17,19,3,46
1964.192308,41,282,69,16,3,130,29,95,177,272,42,26,0,33,30,489,151,516,248,58,48,40,55,20,17,17,5,3,2,30,59,10,35,40,52,91,25,13,9,60
1964.230769,33,323,55,11,7,99,19,48,96,216,39,22,1,27,26,346,195,412,291,46,43,31,24,30,17,15,3,1,0,24,42,19,37,18,73,139,9,37,5,65
1964.269231,44,351,31,2,14,81,26,67,173,163,24,44,0,20,31,409,245,389,246,48,29,41,71,52,46,18,2,2,10,19,23,43,31,17,54,61,13,26,18,87
1964.307692,10,316,20,1,9,67,18,45,87,105,25,29,1,11,27,390,211,301,210,55,26,43,40,58,39,23,2,3,22,46,18,11,19,34,44,31,11,23,8,47
1964.346154,8,389,19,1,8,130,21,60,61,104,20,18,1,5,17,569,227,287,326,104,47,85,15,88,21,52,3,1,19,87,26,13,14,44,37,31,6,35,12,53
1964.384615,5,493,24,4,21,110,13,59,75,123,1,32,17,6,8,392,324,325,414,239,41,59,8,191,43,43,6,1,19,73,68,18,10,39,89,71,11,55,14,103
1964.423077,13,551,18,0,17,110,18,41,48,139,6,37,28,3,19,336,185,373,485,191,34,81,5,127,114,37,3,1,20,92,80,43,14,32,60,34,13,45,15,135
1964.461538,10,501,16,17,35,127,25,31,55,161,6,45,58,26,18,269,207,452,565,250,21,90,4,205,139,23,9,16,37,81,115,72,12,51,49,37,15,40,15,92
1964.5,18,436,58,16,59,161,18,38,46,162,7,63,50,31,18,292,153,515,702,313,38,110,10,253,153,26,11,36,30,75,204,153,16,71,54,14,40,72,24,96
1964.538462,39,307,85,11,21,153,29,59,81,89,4,24,64,39,7,182,128,339,741,244,54,44,7,207,74,35,4,36,41,102,206,77,15,61,38,11,46,64,35,42
1964.576923,89,402,83,26,42,153,18,134,95,80,10,58,113,48,8,229,193,368,920,339,19,82,4,244,59,106,5,87,37,70,345,102,10,73,41,45,66,65,39,60
1964.615385,58,215,34,45,53,122,23,116,41,42,5,40,94,37,2,117,42,168,607,248,34,63,15,127,65,83,5,71,43,38,260,65,16,55,17,37,61,46,57,22
1964.653846,42,80,11,47,25,76,29,68,24,23,3,33,59,32,2,60,18,136,367,154,20,43,7,49,62,35,2,46,9,19,126,34,5,62,30,20,55,13,49,23
1964.692308,21,53,9,24,8,57,13,28,19,19,6,25,64,31,3,46,7,52,309,94,9,13,10,33,29,18,4,47,4,24,111,37,6,31,3,26,17,14,47,5
1964.730769,22,95,14,16,7,78,15,47,14,26,2,23,168,48,0,26,7,82,264,98,18,3,23,40,27,2,17,82,2,21,86,21,5,34,15,22,32,27,50,9
1964.769231,29,69,29,30,8,89,5,52,21,44,1,36,246,68,0,52,8,75,432,119,26,4,28,132,25,10,43,111,0,14,205,34,19,42,7,15,79,54,68,4
1964.807692,62,98,48,21,20,105,16,48,17,29,3,50,175,72,0,82,14,111,546,166,25,14,14,91,87,3,46,137,0,30,313,64,25,54,7,13,152,34,103,1
1964.846154,70,113,54,34,33,124,7,72,21,52,2,16,268,90,1,88,17,101,785,180,69,10,10,101,66,2,49,188,0,78,300,141,35,56,14,9,200,53,95,4
1964.884615,116,186,46,85,55,109,12,47,21,36,5,25,184,158,2,124,17,130,1102,273,79,23,3,127,84,3,69,202,2,32,336,77,44,85,16,21,217,31,121,10
1964.923077,179,298,47,86,22,128,27,70,21,41,8,25,120,163,2,137,20,146,1374,305,16,20,2,153,91,2,142,191,7,31,417,122,27,66,27,7,298,37,130,6
1964.961538,191,234,32,150,49,109,12,76,30,79,4,23,172,182,4,176,7,112,1476,303,53,41,3,218,83,4,136,172,5,43,347,177,69,49,38,22,229,24,122,6
